id,kode_provinsi,nama_provinsi,kode_kabupaten_kota,nama_kabupaten_kota,jenis_tablet,jumlah_bumil,satuan,tahun
1,32,JAWA BARAT,3201,KABUPATEN BOGOR,FE1,96980,ORANG,2005
2,32,JAWA BARAT,3201,KABUPATEN BOGOR,FE3,81201,ORANG,2005
3,32,JAWA BARAT,3202,KABUPATEN SUKABUMI,FE1,53381,ORANG,2005
4,32,JAWA BARAT,3202,KABUPATEN SUKABUMI,FE3,45594,ORANG,2005
5,32,JAWA BARAT,3203,KABUPATEN CIANJUR,FE1,0,ORANG,2005
6,32,JAWA BARAT,3203,KABUPATEN CIANJUR,FE3,32784,ORANG,2005
7,32,JAWA BARAT,3204,KABUPATEN BANDUNG,FE1,86879,ORANG,2005
8,32,JAWA BARAT,3204,KABUPATEN BANDUNG,FE3,78892,ORANG,2005
9,32,JAWA BARAT,3205,KABUPATEN GARUT,FE1,50991,ORANG,2005
10,32,JAWA BARAT,3205,KABUPATEN GARUT,FE3,45103,ORANG,2005
11,32,JAWA BARAT,3206,KABUPATEN TASIKMALAYA,FE1,35229,ORANG,2005
12,32,JAWA BARAT,3206,KABUPATEN TASIKMALAYA,FE3,23589,ORANG,2005
13,32,JAWA BARAT,3207,KABUPATEN CIAMIS,FE1,28990,ORANG,2005
14,32,JAWA BARAT,3207,KABUPATEN CIAMIS,FE3,25246,ORANG,2005
15,32,JAWA BARAT,3208,KABUPATEN KUNINGAN,FE1,25235,ORANG,2005
16,32,JAWA BARAT,3208,KABUPATEN KUNINGAN,FE3,20611,ORANG,2005
17,32,JAWA BARAT,3209,KABUPATEN CIREBON,FE1,49075,ORANG,2005
18,32,JAWA BARAT,3209,KABUPATEN CIREBON,FE3,43542,ORANG,2005
19,32,JAWA BARAT,3210,KABUPATEN MAJALENGKA,FE1,20240,ORANG,2005
20,32,JAWA BARAT,3210,KABUPATEN MAJALENGKA,FE3,16654,ORANG,2005
21,32,JAWA BARAT,3211,KABUPATEN SUMEDANG,FE1,21616,ORANG,2005
22,32,JAWA BARAT,3211,KABUPATEN SUMEDANG,FE3,18938,ORANG,2005
23,32,JAWA BARAT,3212,KABUPATEN INDRAMAYU,FE1,34068,ORANG,2005
24,32,JAWA BARAT,3212,KABUPATEN INDRAMAYU,FE3,29046,ORANG,2005
25,32,JAWA BARAT,3213,KABUPATEN SUBANG,FE1,34068,ORANG,2005
26,32,JAWA BARAT,3213,KABUPATEN SUBANG,FE3,30743,ORANG,2005
27,32,JAWA BARAT,3214,KABUPATEN PURWAKARTA,FE1,19340,ORANG,2005
28,32,JAWA BARAT,3214,KABUPATEN PURWAKARTA,FE3,17381,ORANG,2005
29,32,JAWA BARAT,3215,KABUPATEN KARAWANG,FE1,51591,ORANG,2005
30,32,JAWA BARAT,3215,KABUPATEN KARAWANG,FE3,45145,ORANG,2005
31,32,JAWA BARAT,3216,KABUPATEN BEKASI,FE1,33686,ORANG,2005
32,32,JAWA BARAT,3216,KABUPATEN BEKASI,FE3,33976,ORANG,2005
33,32,JAWA BARAT,3271,KOTA BOGOR,FE1,15981,ORANG,2005
34,32,JAWA BARAT,3271,KOTA BOGOR,FE3,13439,ORANG,2005
35,32,JAWA BARAT,3272,KOTA SUKABUMI,FE1,5546,ORANG,2005
36,32,JAWA BARAT,3272,KOTA SUKABUMI,FE3,4837,ORANG,2005
37,32,JAWA BARAT,3273,KOTA BANDUNG,FE1,38771,ORANG,2005
38,32,JAWA BARAT,3273,KOTA BANDUNG,FE3,32336,ORANG,2005
39,32,JAWA BARAT,3274,KOTA CIREBON,FE1,5882,ORANG,2005
40,32,JAWA BARAT,3274,KOTA CIREBON,FE3,4549,ORANG,2005
41,32,JAWA BARAT,3275,KOTA BEKASI,FE1,34424,ORANG,2005
42,32,JAWA BARAT,3275,KOTA BEKASI,FE3,38107,ORANG,2005
43,32,JAWA BARAT,3276,KOTA DEPOK,FE1,25064,ORANG,2005
44,32,JAWA BARAT,3276,KOTA DEPOK,FE3,23389,ORANG,2005
45,32,JAWA BARAT,3277,KOTA CIMAHI,FE1,9698,ORANG,2005
46,32,JAWA BARAT,3277,KOTA CIMAHI,FE3,8885,ORANG,2005
47,32,JAWA BARAT,3278,KOTA TASIKMALAYA,FE1,12906,ORANG,2005
48,32,JAWA BARAT,3278,KOTA TASIKMALAYA,FE3,13773,ORANG,2005
49,32,JAWA BARAT,3279,KOTA BANJAR,FE1,5068,ORANG,2005
50,32,JAWA BARAT,3279,KOTA BANJAR,FE3,4372,ORANG,2005
51,32,JAWA BARAT,3201,KABUPATEN BOGOR,FE1,100015,ORANG,2006
52,32,JAWA BARAT,3201,KABUPATEN BOGOR,FE3,84179,ORANG,2006
53,32,JAWA BARAT,3202,KABUPATEN SUKABUMI,FE1,51588,ORANG,2006
54,32,JAWA BARAT,3202,KABUPATEN SUKABUMI,FE3,49447,ORANG,2006
55,32,JAWA BARAT,3203,KABUPATEN CIANJUR,FE1,51247,ORANG,2006
56,32,JAWA BARAT,3203,KABUPATEN CIANJUR,FE3,45768,ORANG,2006
57,32,JAWA BARAT,3204,KABUPATEN BANDUNG,FE1,81054,ORANG,2006
58,32,JAWA BARAT,3204,KABUPATEN BANDUNG,FE3,73282,ORANG,2006
59,32,JAWA BARAT,3205,KABUPATEN GARUT,FE1,49155,ORANG,2006
60,32,JAWA BARAT,3205,KABUPATEN GARUT,FE3,41670,ORANG,2006
61,32,JAWA BARAT,3206,KABUPATEN TASIKMALAYA,FE1,35804,ORANG,2006
62,32,JAWA BARAT,3206,KABUPATEN TASIKMALAYA,FE3,27067,ORANG,2006
63,32,JAWA BARAT,3207,KABUPATEN CIAMIS,FE1,29863,ORANG,2006
64,32,JAWA BARAT,3207,KABUPATEN CIAMIS,FE3,25326,ORANG,2006
65,32,JAWA BARAT,3208,KABUPATEN KUNINGAN,FE1,26654,ORANG,2006
66,32,JAWA BARAT,3208,KABUPATEN KUNINGAN,FE3,23727,ORANG,2006
67,32,JAWA BARAT,3209,KABUPATEN CIREBON,FE1,39624,ORANG,2006
68,32,JAWA BARAT,3209,KABUPATEN CIREBON,FE3,36670,ORANG,2006
69,32,JAWA BARAT,3210,KABUPATEN MAJALENGKA,FE1,19790,ORANG,2006
70,32,JAWA BARAT,3210,KABUPATEN MAJALENGKA,FE3,16155,ORANG,2006
71,32,JAWA BARAT,3211,KABUPATEN SUMEDANG,FE1,20795,ORANG,2006
72,32,JAWA BARAT,3211,KABUPATEN SUMEDANG,FE3,18524,ORANG,2006
73,32,JAWA BARAT,3212,KABUPATEN INDRAMAYU,FE1,34993,ORANG,2006
74,32,JAWA BARAT,3212,KABUPATEN INDRAMAYU,FE3,32166,ORANG,2006
75,32,JAWA BARAT,3213,KABUPATEN SUBANG,FE1,31767,ORANG,2006
76,32,JAWA BARAT,3213,KABUPATEN SUBANG,FE3,32335,ORANG,2006
77,32,JAWA BARAT,3214,KABUPATEN PURWAKARTA,FE1,16373,ORANG,2006
78,32,JAWA BARAT,3214,KABUPATEN PURWAKARTA,FE3,18438,ORANG,2006
79,32,JAWA BARAT,3215,KABUPATEN KARAWANG,FE1,43464,ORANG,2006
80,32,JAWA BARAT,3215,KABUPATEN KARAWANG,FE3,45485,ORANG,2006
81,32,JAWA BARAT,3216,KABUPATEN BEKASI,FE1,43411,ORANG,2006
82,32,JAWA BARAT,3216,KABUPATEN BEKASI,FE3,45146,ORANG,2006
83,32,JAWA BARAT,3271,KOTA BOGOR,FE1,15270,ORANG,2006
84,32,JAWA BARAT,3271,KOTA BOGOR,FE3,16035,ORANG,2006
85,32,JAWA BARAT,3272,KOTA SUKABUMI,FE1,5931,ORANG,2006
86,32,JAWA BARAT,3272,KOTA SUKABUMI,FE3,4668,ORANG,2006
87,32,JAWA BARAT,3273,KOTA BANDUNG,FE1,39082,ORANG,2006
88,32,JAWA BARAT,3273,KOTA BANDUNG,FE3,34293,ORANG,2006
89,32,JAWA BARAT,3274,KOTA CIREBON,FE1,5199,ORANG,2006
90,32,JAWA BARAT,3274,KOTA CIREBON,FE3,5107,ORANG,2006
91,32,JAWA BARAT,3275,KOTA BEKASI,FE1,35578,ORANG,2006
92,32,JAWA BARAT,3275,KOTA BEKASI,FE3,37469,ORANG,2006
93,32,JAWA BARAT,3276,KOTA DEPOK,FE1,27705,ORANG,2006
94,32,JAWA BARAT,3276,KOTA DEPOK,FE3,25588,ORANG,2006
95,32,JAWA BARAT,3277,KOTA CIMAHI,FE1,10237,ORANG,2006
96,32,JAWA BARAT,3277,KOTA CIMAHI,FE3,9804,ORANG,2006
97,32,JAWA BARAT,3278,KOTA TASIKMALAYA,FE1,14738,ORANG,2006
98,32,JAWA BARAT,3278,KOTA TASIKMALAYA,FE3,14159,ORANG,2006
99,32,JAWA BARAT,3279,KOTA BANJAR,FE1,4080,ORANG,2006
100,32,JAWA BARAT,3279,KOTA BANJAR,FE3,3521,ORANG,2006
101,32,JAWA BARAT,3201,KABUPATEN BOGOR,FE1,81543,ORANG,2007
102,32,JAWA BARAT,3201,KABUPATEN BOGOR,FE3,85155,ORANG,2007
103,32,JAWA BARAT,3202,KABUPATEN SUKABUMI,FE1,58810,ORANG,2007
104,32,JAWA BARAT,3202,KABUPATEN SUKABUMI,FE3,51866,ORANG,2007
105,32,JAWA BARAT,3203,KABUPATEN CIANJUR,FE1,44327,ORANG,2007
106,32,JAWA BARAT,3203,KABUPATEN CIANJUR,FE3,36572,ORANG,2007
107,32,JAWA BARAT,3204,KABUPATEN BANDUNG,FE1,95024,ORANG,2007
108,32,JAWA BARAT,3204,KABUPATEN BANDUNG,FE3,86540,ORANG,2007
109,32,JAWA BARAT,3205,KABUPATEN GARUT,FE1,54600,ORANG,2007
110,32,JAWA BARAT,3205,KABUPATEN GARUT,FE3,53580,ORANG,2007
111,32,JAWA BARAT,3206,KABUPATEN TASIKMALAYA,FE1,38315,ORANG,2007
112,32,JAWA BARAT,3206,KABUPATEN TASIKMALAYA,FE3,32500,ORANG,2007
113,32,JAWA BARAT,3207,KABUPATEN CIAMIS,FE1,31488,ORANG,2007
114,32,JAWA BARAT,3207,KABUPATEN CIAMIS,FE3,27779,ORANG,2007
115,32,JAWA BARAT,3208,KABUPATEN KUNINGAN,FE1,23400,ORANG,2007
116,32,JAWA BARAT,3208,KABUPATEN KUNINGAN,FE3,22616,ORANG,2007
117,32,JAWA BARAT,3209,KABUPATEN CIREBON,FE1,51842,ORANG,2007
118,32,JAWA BARAT,3209,KABUPATEN CIREBON,FE3,47822,ORANG,2007
119,32,JAWA BARAT,3210,KABUPATEN MAJALENGKA,FE1,18878,ORANG,2007
120,32,JAWA BARAT,3210,KABUPATEN MAJALENGKA,FE3,15851,ORANG,2007
121,32,JAWA BARAT,3211,KABUPATEN SUMEDANG,FE1,22244,ORANG,2007
122,32,JAWA BARAT,3211,KABUPATEN SUMEDANG,FE3,20008,ORANG,2007
123,32,JAWA BARAT,3212,KABUPATEN INDRAMAYU,FE1,42869,ORANG,2007
124,32,JAWA BARAT,3212,KABUPATEN INDRAMAYU,FE3,40640,ORANG,2007
125,32,JAWA BARAT,3213,KABUPATEN SUBANG,FE1,32718,ORANG,2007
126,32,JAWA BARAT,3213,KABUPATEN SUBANG,FE3,32282,ORANG,2007
127,32,JAWA BARAT,3214,KABUPATEN PURWAKARTA,FE1,17229,ORANG,2007
128,32,JAWA BARAT,3214,KABUPATEN PURWAKARTA,FE3,15570,ORANG,2007
129,32,JAWA BARAT,3215,KABUPATEN KARAWANG,FE1,46285,ORANG,2007
130,32,JAWA BARAT,3215,KABUPATEN KARAWANG,FE3,41994,ORANG,2007
131,32,JAWA BARAT,3216,KABUPATEN BEKASI,FE1,44092,ORANG,2007
132,32,JAWA BARAT,3216,KABUPATEN BEKASI,FE3,39164,ORANG,2007
133,32,JAWA BARAT,3271,KOTA BOGOR,FE1,16750,ORANG,2007
134,32,JAWA BARAT,3271,KOTA BOGOR,FE3,16400,ORANG,2007
135,32,JAWA BARAT,3272,KOTA SUKABUMI,FE1,6326,ORANG,2007
136,32,JAWA BARAT,3272,KOTA SUKABUMI,FE3,5411,ORANG,2007
137,32,JAWA BARAT,3273,KOTA BANDUNG,FE1,47274,ORANG,2007
138,32,JAWA BARAT,3273,KOTA BANDUNG,FE3,42962,ORANG,2007
139,32,JAWA BARAT,3274,KOTA CIREBON,FE1,5987,ORANG,2007
140,32,JAWA BARAT,3274,KOTA CIREBON,FE3,5202,ORANG,2007
141,32,JAWA BARAT,3275,KOTA BEKASI,FE1,39640,ORANG,2007
142,32,JAWA BARAT,3275,KOTA BEKASI,FE3,39134,ORANG,2007
143,32,JAWA BARAT,3276,KOTA DEPOK,FE1,37450,ORANG,2007
144,32,JAWA BARAT,3276,KOTA DEPOK,FE3,37278,ORANG,2007
145,32,JAWA BARAT,3277,KOTA CIMAHI,FE1,10609,ORANG,2007
146,32,JAWA BARAT,3277,KOTA CIMAHI,FE3,10062,ORANG,2007
147,32,JAWA BARAT,3278,KOTA TASIKMALAYA,FE1,14790,ORANG,2007
148,32,JAWA BARAT,3278,KOTA TASIKMALAYA,FE3,12790,ORANG,2007
149,32,JAWA BARAT,3279,KOTA BANJAR,FE1,4084,ORANG,2007
150,32,JAWA BARAT,3279,KOTA BANJAR,FE3,3241,ORANG,2007
151,32,JAWA BARAT,3201,KABUPATEN BOGOR,FE1,93364,ORANG,2008
152,32,JAWA BARAT,3201,KABUPATEN BOGOR,FE3,79452,ORANG,2008
153,32,JAWA BARAT,3202,KABUPATEN SUKABUMI,FE1,52624,ORANG,2008
154,32,JAWA BARAT,3202,KABUPATEN SUKABUMI,FE3,46566,ORANG,2008
155,32,JAWA BARAT,3203,KABUPATEN CIANJUR,FE1,52673,ORANG,2008
156,32,JAWA BARAT,3203,KABUPATEN CIANJUR,FE3,43430,ORANG,2008
157,32,JAWA BARAT,3204,KABUPATEN BANDUNG,FE1,56930,ORANG,2008
158,32,JAWA BARAT,3204,KABUPATEN BANDUNG,FE3,53338,ORANG,2008
159,32,JAWA BARAT,3205,KABUPATEN GARUT,FE1,55608,ORANG,2008
160,32,JAWA BARAT,3205,KABUPATEN GARUT,FE3,44843,ORANG,2008
161,32,JAWA BARAT,3206,KABUPATEN TASIKMALAYA,FE1,38367,ORANG,2008
162,32,JAWA BARAT,3206,KABUPATEN TASIKMALAYA,FE3,32757,ORANG,2008
163,32,JAWA BARAT,3207,KABUPATEN CIAMIS,FE1,32158,ORANG,2008
164,32,JAWA BARAT,3207,KABUPATEN CIAMIS,FE3,27864,ORANG,2008
165,32,JAWA BARAT,3208,KABUPATEN KUNINGAN,FE1,23794,ORANG,2008
166,32,JAWA BARAT,3208,KABUPATEN KUNINGAN,FE3,22803,ORANG,2008
167,32,JAWA BARAT,3209,KABUPATEN CIREBON,FE1,53662,ORANG,2008
168,32,JAWA BARAT,3209,KABUPATEN CIREBON,FE3,48993,ORANG,2008
169,32,JAWA BARAT,3210,KABUPATEN MAJALENGKA,FE1,20651,ORANG,2008
170,32,JAWA BARAT,3210,KABUPATEN MAJALENGKA,FE3,17283,ORANG,2008
171,32,JAWA BARAT,3211,KABUPATEN SUMEDANG,FE1,24587,ORANG,2008
172,32,JAWA BARAT,3211,KABUPATEN SUMEDANG,FE3,21608,ORANG,2008
173,32,JAWA BARAT,3212,KABUPATEN INDRAMAYU,FE1,34838,ORANG,2008
174,32,JAWA BARAT,3212,KABUPATEN INDRAMAYU,FE3,31573,ORANG,2008
175,32,JAWA BARAT,3213,KABUPATEN SUBANG,FE1,34037,ORANG,2008
176,32,JAWA BARAT,3213,KABUPATEN SUBANG,FE3,31206,ORANG,2008
177,32,JAWA BARAT,3214,KABUPATEN PURWAKARTA,FE1,21565,ORANG,2008
178,32,JAWA BARAT,3214,KABUPATEN PURWAKARTA,FE3,19300,ORANG,2008
179,32,JAWA BARAT,3215,KABUPATEN KARAWANG,FE1,53474,ORANG,2008
180,32,JAWA BARAT,3215,KABUPATEN KARAWANG,FE3,55347,ORANG,2008
181,32,JAWA BARAT,3216,KABUPATEN BEKASI,FE1,56263,ORANG,2008
182,32,JAWA BARAT,3216,KABUPATEN BEKASI,FE3,50908,ORANG,2008
183,32,JAWA BARAT,3217,KABUPATEN BANDUNG BARAT,FE1,11484,ORANG,2008
184,32,JAWA BARAT,3217,KABUPATEN BANDUNG BARAT,FE3,10485,ORANG,2008
185,32,JAWA BARAT,3271,KOTA BOGOR,FE1,10651,ORANG,2008
186,32,JAWA BARAT,3271,KOTA BOGOR,FE3,9421,ORANG,2008
187,32,JAWA BARAT,3272,KOTA SUKABUMI,FE1,6745,ORANG,2008
188,32,JAWA BARAT,3272,KOTA SUKABUMI,FE3,5760,ORANG,2008
189,32,JAWA BARAT,3273,KOTA BANDUNG,FE1,48242,ORANG,2008
190,32,JAWA BARAT,3273,KOTA BANDUNG,FE3,42909,ORANG,2008
191,32,JAWA BARAT,3274,KOTA CIREBON,FE1,4682,ORANG,2008
192,32,JAWA BARAT,3274,KOTA CIREBON,FE3,5781,ORANG,2008
193,32,JAWA BARAT,3275,KOTA BEKASI,FE1,39334,ORANG,2008
194,32,JAWA BARAT,3275,KOTA BEKASI,FE3,37870,ORANG,2008
195,32,JAWA BARAT,3276,KOTA DEPOK,FE1,17686,ORANG,2008
196,32,JAWA BARAT,3276,KOTA DEPOK,FE3,15285,ORANG,2008
197,32,JAWA BARAT,3277,KOTA CIMAHI,FE1,11778,ORANG,2008
198,32,JAWA BARAT,3277,KOTA CIMAHI,FE3,11462,ORANG,2008
199,32,JAWA BARAT,3278,KOTA TASIKMALAYA,FE1,15059,ORANG,2008
200,32,JAWA BARAT,3278,KOTA TASIKMALAYA,FE3,13046,ORANG,2008
201,32,JAWA BARAT,3279,KOTA BANJAR,FE1,3681,ORANG,2008
202,32,JAWA BARAT,3279,KOTA BANJAR,FE3,3082,ORANG,2008
203,32,JAWA BARAT,3201,KABUPATEN BOGOR,FE1,83376,ORANG,2009
204,32,JAWA BARAT,3201,KABUPATEN BOGOR,FE3,76335,ORANG,2009
205,32,JAWA BARAT,3202,KABUPATEN SUKABUMI,FE1,53839,ORANG,2009
206,32,JAWA BARAT,3202,KABUPATEN SUKABUMI,FE3,48458,ORANG,2009
207,32,JAWA BARAT,3203,KABUPATEN CIANJUR,FE1,43550,ORANG,2009
208,32,JAWA BARAT,3203,KABUPATEN CIANJUR,FE3,36642,ORANG,2009
209,32,JAWA BARAT,3204,KABUPATEN BANDUNG,FE1,55996,ORANG,2009
210,32,JAWA BARAT,3204,KABUPATEN BANDUNG,FE3,50294,ORANG,2009
211,32,JAWA BARAT,3205,KABUPATEN GARUT,FE1,41905,ORANG,2009
212,32,JAWA BARAT,3205,KABUPATEN GARUT,FE3,36630,ORANG,2009
213,32,JAWA BARAT,3206,KABUPATEN TASIKMALAYA,FE1,43045,ORANG,2009
214,32,JAWA BARAT,3206,KABUPATEN TASIKMALAYA,FE3,35572,ORANG,2009
215,32,JAWA BARAT,3207,KABUPATEN CIAMIS,FE1,32005,ORANG,2009
216,32,JAWA BARAT,3207,KABUPATEN CIAMIS,FE3,27765,ORANG,2009
217,32,JAWA BARAT,3208,KABUPATEN KUNINGAN,FE1,23699,ORANG,2009
218,32,JAWA BARAT,3208,KABUPATEN KUNINGAN,FE3,21952,ORANG,2009
219,32,JAWA BARAT,3209,KABUPATEN CIREBON,FE1,51795,ORANG,2009
220,32,JAWA BARAT,3209,KABUPATEN CIREBON,FE3,47266,ORANG,2009
221,32,JAWA BARAT,3210,KABUPATEN MAJALENGKA,FE1,20157,ORANG,2009
222,32,JAWA BARAT,3210,KABUPATEN MAJALENGKA,FE3,17418,ORANG,2009
223,32,JAWA BARAT,3211,KABUPATEN SUMEDANG,FE1,24711,ORANG,2009
224,32,JAWA BARAT,3211,KABUPATEN SUMEDANG,FE3,21858,ORANG,2009
225,32,JAWA BARAT,3212,KABUPATEN INDRAMAYU,FE1,38874,ORANG,2009
226,32,JAWA BARAT,3212,KABUPATEN INDRAMAYU,FE3,34060,ORANG,2009
227,32,JAWA BARAT,3213,KABUPATEN SUBANG,FE1,33145,ORANG,2009
228,32,JAWA BARAT,3213,KABUPATEN SUBANG,FE3,30506,ORANG,2009
229,32,JAWA BARAT,3214,KABUPATEN PURWAKARTA,FE1,22287,ORANG,2009
230,32,JAWA BARAT,3214,KABUPATEN PURWAKARTA,FE3,20578,ORANG,2009
231,32,JAWA BARAT,3215,KABUPATEN KARAWANG,FE1,59241,ORANG,2009
232,32,JAWA BARAT,3215,KABUPATEN KARAWANG,FE3,55221,ORANG,2009
233,32,JAWA BARAT,3216,KABUPATEN BEKASI,FE1,61076,ORANG,2009
234,32,JAWA BARAT,3216,KABUPATEN BEKASI,FE3,57138,ORANG,2009
235,32,JAWA BARAT,3217,KABUPATEN BANDUNG BARAT,FE1,32307,ORANG,2009
236,32,JAWA BARAT,3217,KABUPATEN BANDUNG BARAT,FE3,29234,ORANG,2009
237,32,JAWA BARAT,3271,KOTA BOGOR,FE1,21505,ORANG,2009
238,32,JAWA BARAT,3271,KOTA BOGOR,FE3,18906,ORANG,2009
239,32,JAWA BARAT,3272,KOTA SUKABUMI,FE1,6703,ORANG,2009
240,32,JAWA BARAT,3272,KOTA SUKABUMI,FE3,5818,ORANG,2009
241,32,JAWA BARAT,3273,KOTA BANDUNG,FE1,42129,ORANG,2009
242,32,JAWA BARAT,3273,KOTA BANDUNG,FE3,38317,ORANG,2009
243,32,JAWA BARAT,3274,KOTA CIREBON,FE1,6596,ORANG,2009
244,32,JAWA BARAT,3274,KOTA CIREBON,FE3,5519,ORANG,2009
245,32,JAWA BARAT,3275,KOTA BEKASI,FE1,42512,ORANG,2009
246,32,JAWA BARAT,3275,KOTA BEKASI,FE3,40283,ORANG,2009
247,32,JAWA BARAT,3276,KOTA DEPOK,FE1,37417,ORANG,2009
248,32,JAWA BARAT,3276,KOTA DEPOK,FE3,35309,ORANG,2009
249,32,JAWA BARAT,3277,KOTA CIMAHI,FE1,11839,ORANG,2009
250,32,JAWA BARAT,3277,KOTA CIMAHI,FE3,11402,ORANG,2009
251,32,JAWA BARAT,3278,KOTA TASIKMALAYA,FE1,14500,ORANG,2009
252,32,JAWA BARAT,3278,KOTA TASIKMALAYA,FE3,13485,ORANG,2009
253,32,JAWA BARAT,3279,KOTA BANJAR,FE1,4162,ORANG,2009
254,32,JAWA BARAT,3279,KOTA BANJAR,FE3,3504,ORANG,2009
255,32,JAWA BARAT,3201,KABUPATEN BOGOR,FE1,105586,ORANG,2010
256,32,JAWA BARAT,3201,KABUPATEN BOGOR,FE3,96089,ORANG,2010
257,32,JAWA BARAT,3202,KABUPATEN SUKABUMI,FE1,59320,ORANG,2010
258,32,JAWA BARAT,3202,KABUPATEN SUKABUMI,FE3,53181,ORANG,2010
259,32,JAWA BARAT,3203,KABUPATEN CIANJUR,FE1,56274,ORANG,2010
260,32,JAWA BARAT,3203,KABUPATEN CIANJUR,FE3,48703,ORANG,2010
261,32,JAWA BARAT,3204,KABUPATEN BANDUNG,FE1,55825,ORANG,2010
262,32,JAWA BARAT,3204,KABUPATEN BANDUNG,FE3,51328,ORANG,2010
263,32,JAWA BARAT,3205,KABUPATEN GARUT,FE1,53378,ORANG,2010
264,32,JAWA BARAT,3205,KABUPATEN GARUT,FE3,47904,ORANG,2010
265,32,JAWA BARAT,3206,KABUPATEN TASIKMALAYA,FE1,43229,ORANG,2010
266,32,JAWA BARAT,3206,KABUPATEN TASIKMALAYA,FE3,37554,ORANG,2010
267,32,JAWA BARAT,3207,KABUPATEN CIAMIS,FE1,32598,ORANG,2010
268,32,JAWA BARAT,3207,KABUPATEN CIAMIS,FE3,27981,ORANG,2010
269,32,JAWA BARAT,3208,KABUPATEN KUNINGAN,FE1,24089,ORANG,2010
270,32,JAWA BARAT,3208,KABUPATEN KUNINGAN,FE3,21773,ORANG,2010
271,32,JAWA BARAT,3209,KABUPATEN CIREBON,FE1,50729,ORANG,2010
272,32,JAWA BARAT,3209,KABUPATEN CIREBON,FE3,46587,ORANG,2010
273,32,JAWA BARAT,3210,KABUPATEN MAJALENGKA,FE1,20857,ORANG,2010
274,32,JAWA BARAT,3210,KABUPATEN MAJALENGKA,FE3,18651,ORANG,2010
275,32,JAWA BARAT,3211,KABUPATEN SUMEDANG,FE1,27155,ORANG,2010
276,32,JAWA BARAT,3211,KABUPATEN SUMEDANG,FE3,24555,ORANG,2010
277,32,JAWA BARAT,3212,KABUPATEN INDRAMAYU,FE1,38315,ORANG,2010
278,32,JAWA BARAT,3212,KABUPATEN INDRAMAYU,FE3,34351,ORANG,2010
279,32,JAWA BARAT,3213,KABUPATEN SUBANG,FE1,32624,ORANG,2010
280,32,JAWA BARAT,3213,KABUPATEN SUBANG,FE3,30514,ORANG,2010
281,32,JAWA BARAT,3214,KABUPATEN PURWAKARTA,FE1,22971,ORANG,2010
282,32,JAWA BARAT,3214,KABUPATEN PURWAKARTA,FE3,21452,ORANG,2010
283,32,JAWA BARAT,3215,KABUPATEN KARAWANG,FE1,57514,ORANG,2010
284,32,JAWA BARAT,3215,KABUPATEN KARAWANG,FE3,53941,ORANG,2010
285,32,JAWA BARAT,3216,KABUPATEN BEKASI,FE1,65660,ORANG,2010
286,32,JAWA BARAT,3216,KABUPATEN BEKASI,FE3,61936,ORANG,2010
287,32,JAWA BARAT,3217,KABUPATEN BANDUNG BARAT,FE1,34014,ORANG,2010
288,32,JAWA BARAT,3217,KABUPATEN BANDUNG BARAT,FE3,30532,ORANG,2010
289,32,JAWA BARAT,3271,KOTA BOGOR,FE1,17958,ORANG,2010
290,32,JAWA BARAT,3271,KOTA BOGOR,FE3,16500,ORANG,2010
291,32,JAWA BARAT,3272,KOTA SUKABUMI,FE1,7077,ORANG,2010
292,32,JAWA BARAT,3272,KOTA SUKABUMI,FE3,6323,ORANG,2010
293,32,JAWA BARAT,3273,KOTA BANDUNG,FE1,51239,ORANG,2010
294,32,JAWA BARAT,3273,KOTA BANDUNG,FE3,47422,ORANG,2010
295,32,JAWA BARAT,3274,KOTA CIREBON,FE1,6181,ORANG,2010
296,32,JAWA BARAT,3274,KOTA CIREBON,FE3,5968,ORANG,2010
297,32,JAWA BARAT,3275,KOTA BEKASI,FE1,43655,ORANG,2010
298,32,JAWA BARAT,3275,KOTA BEKASI,FE3,42047,ORANG,2010
299,32,JAWA BARAT,3276,KOTA DEPOK,FE1,37873,ORANG,2010
300,32,JAWA BARAT,3276,KOTA DEPOK,FE3,35982,ORANG,2010
301,32,JAWA BARAT,3277,KOTA CIMAHI,FE1,11358,ORANG,2010
302,32,JAWA BARAT,3277,KOTA CIMAHI,FE3,11429,ORANG,2010
303,32,JAWA BARAT,3278,KOTA TASIKMALAYA,FE1,16134,ORANG,2010
304,32,JAWA BARAT,3278,KOTA TASIKMALAYA,FE3,14199,ORANG,2010
305,32,JAWA BARAT,3279,KOTA BANJAR,FE1,4108,ORANG,2010
306,32,JAWA BARAT,3279,KOTA BANJAR,FE3,3535,ORANG,2010
307,32,JAWA BARAT,3201,KABUPATEN BOGOR,FE1,112908,ORANG,2011
308,32,JAWA BARAT,3201,KABUPATEN BOGOR,FE3,99808,ORANG,2011
309,32,JAWA BARAT,3202,KABUPATEN SUKABUMI,FE1,60764,ORANG,2011
310,32,JAWA BARAT,3202,KABUPATEN SUKABUMI,FE3,56131,ORANG,2011
311,32,JAWA BARAT,3203,KABUPATEN CIANJUR,FE1,53274,ORANG,2011
312,32,JAWA BARAT,3203,KABUPATEN CIANJUR,FE3,48703,ORANG,2011
313,32,JAWA BARAT,3204,KABUPATEN BANDUNG,FE1,55825,ORANG,2011
314,32,JAWA BARAT,3204,KABUPATEN BANDUNG,FE3,51328,ORANG,2011
315,32,JAWA BARAT,3205,KABUPATEN GARUT,FE1,59800,ORANG,2011
316,32,JAWA BARAT,3205,KABUPATEN GARUT,FE3,52590,ORANG,2011
317,32,JAWA BARAT,3206,KABUPATEN TASIKMALAYA,FE1,43476,ORANG,2011
318,32,JAWA BARAT,3206,KABUPATEN TASIKMALAYA,FE3,38281,ORANG,2011
319,32,JAWA BARAT,3207,KABUPATEN CIAMIS,FE1,31834,ORANG,2011
320,32,JAWA BARAT,3207,KABUPATEN CIAMIS,FE3,28802,ORANG,2011
321,32,JAWA BARAT,3208,KABUPATEN KUNINGAN,FE1,23489,ORANG,2011
322,32,JAWA BARAT,3208,KABUPATEN KUNINGAN,FE3,21436,ORANG,2011
323,32,JAWA BARAT,3209,KABUPATEN CIREBON,FE1,51141,ORANG,2011
324,32,JAWA BARAT,3209,KABUPATEN CIREBON,FE3,47574,ORANG,2011
325,32,JAWA BARAT,3210,KABUPATEN MAJALENGKA,FE1,21582,ORANG,2011
326,32,JAWA BARAT,3210,KABUPATEN MAJALENGKA,FE3,19176,ORANG,2011
327,32,JAWA BARAT,3211,KABUPATEN SUMEDANG,FE1,23544,ORANG,2011
328,32,JAWA BARAT,3211,KABUPATEN SUMEDANG,FE3,21272,ORANG,2011
329,32,JAWA BARAT,3212,KABUPATEN INDRAMAYU,FE1,38160,ORANG,2011
330,32,JAWA BARAT,3212,KABUPATEN INDRAMAYU,FE3,34525,ORANG,2011
331,32,JAWA BARAT,3213,KABUPATEN SUBANG,FE1,34418,ORANG,2011
332,32,JAWA BARAT,3213,KABUPATEN SUBANG,FE3,31844,ORANG,2011
333,32,JAWA BARAT,3214,KABUPATEN PURWAKARTA,FE1,23282,ORANG,2011
334,32,JAWA BARAT,3214,KABUPATEN PURWAKARTA,FE3,21930,ORANG,2011
335,32,JAWA BARAT,3215,KABUPATEN KARAWANG,FE1,55372,ORANG,2011
336,32,JAWA BARAT,3215,KABUPATEN KARAWANG,FE3,53377,ORANG,2011
337,32,JAWA BARAT,3216,KABUPATEN BEKASI,FE1,67448,ORANG,2011
338,32,JAWA BARAT,3216,KABUPATEN BEKASI,FE3,63102,ORANG,2011
339,32,JAWA BARAT,3217,KABUPATEN BANDUNG BARAT,FE1,33717,ORANG,2011
340,32,JAWA BARAT,3217,KABUPATEN BANDUNG BARAT,FE3,30092,ORANG,2011
341,32,JAWA BARAT,3271,KOTA BOGOR,FE1,19605,ORANG,2011
342,32,JAWA BARAT,3271,KOTA BOGOR,FE3,17905,ORANG,2011
343,32,JAWA BARAT,3272,KOTA SUKABUMI,FE1,7518,ORANG,2011
344,32,JAWA BARAT,3272,KOTA SUKABUMI,FE3,7285,ORANG,2011
345,32,JAWA BARAT,3273,KOTA BANDUNG,FE1,43201,ORANG,2011
346,32,JAWA BARAT,3273,KOTA BANDUNG,FE3,49289,ORANG,2011
347,32,JAWA BARAT,3274,KOTA CIREBON,FE1,6271,ORANG,2011
348,32,JAWA BARAT,3274,KOTA CIREBON,FE3,5636,ORANG,2011
349,32,JAWA BARAT,3275,KOTA BEKASI,FE1,48642,ORANG,2011
350,32,JAWA BARAT,3275,KOTA BEKASI,FE3,46021,ORANG,2011
351,32,JAWA BARAT,3276,KOTA DEPOK,FE1,40059,ORANG,2011
352,32,JAWA BARAT,3276,KOTA DEPOK,FE3,37588,ORANG,2011
353,32,JAWA BARAT,3277,KOTA CIMAHI,FE1,11621,ORANG,2011
354,32,JAWA BARAT,3277,KOTA CIMAHI,FE3,11130,ORANG,2011
355,32,JAWA BARAT,3278,KOTA TASIKMALAYA,FE1,15650,ORANG,2011
356,32,JAWA BARAT,3278,KOTA TASIKMALAYA,FE3,14106,ORANG,2011
357,32,JAWA BARAT,3279,KOTA BANJAR,FE1,4305,ORANG,2011
358,32,JAWA BARAT,3279,KOTA BANJAR,FE3,3906,ORANG,2011
359,32,JAWA BARAT,3201,KABUPATEN BOGOR,FE1,111741,ORANG,2012
360,32,JAWA BARAT,3201,KABUPATEN BOGOR,FE3,97633,ORANG,2012
361,32,JAWA BARAT,3202,KABUPATEN SUKABUMI,FE1,58561,ORANG,2012
362,32,JAWA BARAT,3202,KABUPATEN SUKABUMI,FE3,53457,ORANG,2012
363,32,JAWA BARAT,3203,KABUPATEN CIANJUR,FE1,53274,ORANG,2012
364,32,JAWA BARAT,3203,KABUPATEN CIANJUR,FE3,46453,ORANG,2012
365,32,JAWA BARAT,3204,KABUPATEN BANDUNG,FE1,60316,ORANG,2012
366,32,JAWA BARAT,3204,KABUPATEN BANDUNG,FE3,56885,ORANG,2012
367,32,JAWA BARAT,3205,KABUPATEN GARUT,FE1,59960,ORANG,2012
368,32,JAWA BARAT,3205,KABUPATEN GARUT,FE3,53444,ORANG,2012
369,32,JAWA BARAT,3206,KABUPATEN TASIKMALAYA,FE1,41459,ORANG,2012
370,32,JAWA BARAT,3206,KABUPATEN TASIKMALAYA,FE3,37105,ORANG,2012
371,32,JAWA BARAT,3207,KABUPATEN CIAMIS,FE1,31834,ORANG,2012
372,32,JAWA BARAT,3207,KABUPATEN CIAMIS,FE3,28272,ORANG,2012
373,32,JAWA BARAT,3208,KABUPATEN KUNINGAN,FE1,23032,ORANG,2012
374,32,JAWA BARAT,3208,KABUPATEN KUNINGAN,FE3,21214,ORANG,2012
375,32,JAWA BARAT,3209,KABUPATEN CIREBON,FE1,52721,ORANG,2012
376,32,JAWA BARAT,3209,KABUPATEN CIREBON,FE3,49184,ORANG,2012
377,32,JAWA BARAT,3210,KABUPATEN MAJALENGKA,FE1,22848,ORANG,2012
378,32,JAWA BARAT,3210,KABUPATEN MAJALENGKA,FE3,21080,ORANG,2012
379,32,JAWA BARAT,3211,KABUPATEN SUMEDANG,FE1,24475,ORANG,2012
380,32,JAWA BARAT,3211,KABUPATEN SUMEDANG,FE3,21325,ORANG,2012
381,32,JAWA BARAT,3212,KABUPATEN INDRAMAYU,FE1,39977,ORANG,2012
382,32,JAWA BARAT,3212,KABUPATEN INDRAMAYU,FE3,36209,ORANG,2012
383,32,JAWA BARAT,3213,KABUPATEN SUBANG,FE1,34977,ORANG,2012
384,32,JAWA BARAT,3213,KABUPATEN SUBANG,FE3,32456,ORANG,2012
385,32,JAWA BARAT,3214,KABUPATEN PURWAKARTA,FE1,24341,ORANG,2012
386,32,JAWA BARAT,3214,KABUPATEN PURWAKARTA,FE3,22731,ORANG,2012
387,32,JAWA BARAT,3215,KABUPATEN KARAWANG,FE1,55372,ORANG,2012
388,32,JAWA BARAT,3215,KABUPATEN KARAWANG,FE3,58096,ORANG,2012
389,32,JAWA BARAT,3216,KABUPATEN BEKASI,FE1,69808,ORANG,2012
390,32,JAWA BARAT,3216,KABUPATEN BEKASI,FE3,67024,ORANG,2012
391,32,JAWA BARAT,3217,KABUPATEN BANDUNG BARAT,FE1,35488,ORANG,2012
392,32,JAWA BARAT,3217,KABUPATEN BANDUNG BARAT,FE3,31912,ORANG,2012
393,32,JAWA BARAT,3271,KOTA BOGOR,FE1,20983,ORANG,2012
394,32,JAWA BARAT,3271,KOTA BOGOR,FE3,18183,ORANG,2012
395,32,JAWA BARAT,3272,KOTA SUKABUMI,FE1,7656,ORANG,2012
396,32,JAWA BARAT,3272,KOTA SUKABUMI,FE3,7301,ORANG,2012
397,32,JAWA BARAT,3273,KOTA BANDUNG,FE1,54735,ORANG,2012
398,32,JAWA BARAT,3273,KOTA BANDUNG,FE3,60676,ORANG,2012
399,32,JAWA BARAT,3274,KOTA CIREBON,FE1,5901,ORANG,2012
400,32,JAWA BARAT,3274,KOTA CIREBON,FE3,5681,ORANG,2012
401,32,JAWA BARAT,3275,KOTA BEKASI,FE1,50636,ORANG,2012
402,32,JAWA BARAT,3275,KOTA BEKASI,FE3,47520,ORANG,2012
403,32,JAWA BARAT,3276,KOTA DEPOK,FE1,45356,ORANG,2012
404,32,JAWA BARAT,3276,KOTA DEPOK,FE3,41164,ORANG,2012
405,32,JAWA BARAT,3277,KOTA CIMAHI,FE1,11396,ORANG,2012
406,32,JAWA BARAT,3277,KOTA CIMAHI,FE3,10793,ORANG,2012
407,32,JAWA BARAT,3278,KOTA TASIKMALAYA,FE1,15324,ORANG,2012
408,32,JAWA BARAT,3278,KOTA TASIKMALAYA,FE3,13684,ORANG,2012
409,32,JAWA BARAT,3279,KOTA BANJAR,FE1,4121,ORANG,2012
410,32,JAWA BARAT,3279,KOTA BANJAR,FE3,3804,ORANG,2012
411,32,JAWA BARAT,3201,KABUPATEN BOGOR,FE1,112954,ORANG,2013
412,32,JAWA BARAT,3201,KABUPATEN BOGOR,FE3,100573,ORANG,2013
413,32,JAWA BARAT,3202,KABUPATEN SUKABUMI,FE1,56907,ORANG,2013
414,32,JAWA BARAT,3202,KABUPATEN SUKABUMI,FE3,51039,ORANG,2013
415,32,JAWA BARAT,3203,KABUPATEN CIANJUR,FE1,52862,ORANG,2013
416,32,JAWA BARAT,3203,KABUPATEN CIANJUR,FE3,46877,ORANG,2013
417,32,JAWA BARAT,3204,KABUPATEN BANDUNG,FE1,66060,ORANG,2013
418,32,JAWA BARAT,3204,KABUPATEN BANDUNG,FE3,60940,ORANG,2013
419,32,JAWA BARAT,3205,KABUPATEN GARUT,FE1,64651,ORANG,2013
420,32,JAWA BARAT,3205,KABUPATEN GARUT,FE3,59322,ORANG,2013
421,32,JAWA BARAT,3206,KABUPATEN TASIKMALAYA,FE1,38717,ORANG,2013
422,32,JAWA BARAT,3206,KABUPATEN TASIKMALAYA,FE3,34547,ORANG,2013
423,32,JAWA BARAT,3207,KABUPATEN CIAMIS,FE1,32019,ORANG,2013
424,32,JAWA BARAT,3207,KABUPATEN CIAMIS,FE3,31500,ORANG,2013
425,32,JAWA BARAT,3208,KABUPATEN KUNINGAN,FE1,21955,ORANG,2013
426,32,JAWA BARAT,3208,KABUPATEN KUNINGAN,FE3,20579,ORANG,2013
427,32,JAWA BARAT,3209,KABUPATEN CIREBON,FE1,52973,ORANG,2013
428,32,JAWA BARAT,3209,KABUPATEN CIREBON,FE3,48776,ORANG,2013
429,32,JAWA BARAT,3210,KABUPATEN MAJALENGKA,FE1,23680,ORANG,2013
430,32,JAWA BARAT,3210,KABUPATEN MAJALENGKA,FE3,21436,ORANG,2013
431,32,JAWA BARAT,3211,KABUPATEN SUMEDANG,FE1,23301,ORANG,2013
432,32,JAWA BARAT,3211,KABUPATEN SUMEDANG,FE3,20575,ORANG,2013
433,32,JAWA BARAT,3212,KABUPATEN INDRAMAYU,FE1,39797,ORANG,2013
434,32,JAWA BARAT,3212,KABUPATEN INDRAMAYU,FE3,36404,ORANG,2013
435,32,JAWA BARAT,3213,KABUPATEN SUBANG,FE1,34244,ORANG,2013
436,32,JAWA BARAT,3213,KABUPATEN SUBANG,FE3,32813,ORANG,2013
437,32,JAWA BARAT,3214,KABUPATEN PURWAKARTA,FE1,25197,ORANG,2013
438,32,JAWA BARAT,3214,KABUPATEN PURWAKARTA,FE3,23392,ORANG,2013
439,32,JAWA BARAT,3215,KABUPATEN KARAWANG,FE1,61354,ORANG,2013
440,32,JAWA BARAT,3215,KABUPATEN KARAWANG,FE3,59515,ORANG,2013
441,32,JAWA BARAT,3216,KABUPATEN BEKASI,FE1,71694,ORANG,2013
442,32,JAWA BARAT,3216,KABUPATEN BEKASI,FE3,67640,ORANG,2013
443,32,JAWA BARAT,3217,KABUPATEN BANDUNG BARAT,FE1,35895,ORANG,2013
444,32,JAWA BARAT,3217,KABUPATEN BANDUNG BARAT,FE3,30672,ORANG,2013
445,32,JAWA BARAT,3218,KABUPATEN PANGANDARAN,FE1,7785,ORANG,2013
446,32,JAWA BARAT,3218,KABUPATEN PANGANDARAN,FE3,6530,ORANG,2013
447,32,JAWA BARAT,3271,KOTA BOGOR,FE1,21335,ORANG,2013
448,32,JAWA BARAT,3271,KOTA BOGOR,FE3,20376,ORANG,2013
449,32,JAWA BARAT,3272,KOTA SUKABUMI,FE1,7953,ORANG,2013
450,32,JAWA BARAT,3272,KOTA SUKABUMI,FE3,7495,ORANG,2013
451,32,JAWA BARAT,3273,KOTA BANDUNG,FE1,43851,ORANG,2013
452,32,JAWA BARAT,3273,KOTA BANDUNG,FE3,41555,ORANG,2013
453,32,JAWA BARAT,3274,KOTA CIREBON,FE1,6237,ORANG,2013
454,32,JAWA BARAT,3274,KOTA CIREBON,FE3,5772,ORANG,2013
455,32,JAWA BARAT,3275,KOTA BEKASI,FE1,49441,ORANG,2013
456,32,JAWA BARAT,3275,KOTA BEKASI,FE3,45944,ORANG,2013
457,32,JAWA BARAT,3276,KOTA DEPOK,FE1,47821,ORANG,2013
458,32,JAWA BARAT,3276,KOTA DEPOK,FE3,45907,ORANG,2013
459,32,JAWA BARAT,3277,KOTA CIMAHI,FE1,11635,ORANG,2013
460,32,JAWA BARAT,3277,KOTA CIMAHI,FE3,10847,ORANG,2013
461,32,JAWA BARAT,3278,KOTA TASIKMALAYA,FE1,15145,ORANG,2013
462,32,JAWA BARAT,3278,KOTA TASIKMALAYA,FE3,15145,ORANG,2013
463,32,JAWA BARAT,3279,KOTA BANJAR,FE1,3968,ORANG,2013
464,32,JAWA BARAT,3279,KOTA BANJAR,FE3,3590,ORANG,2013
465,32,JAWA BARAT,3201,KABUPATEN BOGOR,FE1,118069,ORANG,2014
466,32,JAWA BARAT,3201,KABUPATEN BOGOR,FE3,107185,ORANG,2014
467,32,JAWA BARAT,3202,KABUPATEN SUKABUMI,FE1,57913,ORANG,2014
468,32,JAWA BARAT,3202,KABUPATEN SUKABUMI,FE3,51460,ORANG,2014
469,32,JAWA BARAT,3203,KABUPATEN CIANJUR,FE1,47653,ORANG,2014
470,32,JAWA BARAT,3203,KABUPATEN CIANJUR,FE3,42789,ORANG,2014
471,32,JAWA BARAT,3204,KABUPATEN BANDUNG,FE1,65702,ORANG,2014
472,32,JAWA BARAT,3204,KABUPATEN BANDUNG,FE3,64527,ORANG,2014
473,32,JAWA BARAT,3205,KABUPATEN GARUT,FE1,64889,ORANG,2014
474,32,JAWA BARAT,3205,KABUPATEN GARUT,FE3,60580,ORANG,2014
475,32,JAWA BARAT,3206,KABUPATEN TASIKMALAYA,FE1,36027,ORANG,2014
476,32,JAWA BARAT,3206,KABUPATEN TASIKMALAYA,FE3,32264,ORANG,2014
477,32,JAWA BARAT,3207,KABUPATEN CIAMIS,FE1,22977,ORANG,2014
478,32,JAWA BARAT,3207,KABUPATEN CIAMIS,FE3,19852,ORANG,2014
479,32,JAWA BARAT,3208,KABUPATEN KUNINGAN,FE1,22256,ORANG,2014
480,32,JAWA BARAT,3208,KABUPATEN KUNINGAN,FE3,20565,ORANG,2014
481,32,JAWA BARAT,3209,KABUPATEN CIREBON,FE1,52384,ORANG,2014
482,32,JAWA BARAT,3209,KABUPATEN CIREBON,FE3,49752,ORANG,2014
483,32,JAWA BARAT,3210,KABUPATEN MAJALENGKA,FE1,23552,ORANG,2014
484,32,JAWA BARAT,3210,KABUPATEN MAJALENGKA,FE3,21474,ORANG,2014
485,32,JAWA BARAT,3211,KABUPATEN SUMEDANG,FE1,23309,ORANG,2014
486,32,JAWA BARAT,3211,KABUPATEN SUMEDANG,FE3,21213,ORANG,2014
487,32,JAWA BARAT,3212,KABUPATEN INDRAMAYU,FE1,39562,ORANG,2014
488,32,JAWA BARAT,3212,KABUPATEN INDRAMAYU,FE3,35761,ORANG,2014
489,32,JAWA BARAT,3213,KABUPATEN SUBANG,FE1,35228,ORANG,2014
490,32,JAWA BARAT,3213,KABUPATEN SUBANG,FE3,33176,ORANG,2014
491,32,JAWA BARAT,3214,KABUPATEN PURWAKARTA,FE1,26740,ORANG,2014
492,32,JAWA BARAT,3214,KABUPATEN PURWAKARTA,FE3,24563,ORANG,2014
493,32,JAWA BARAT,3215,KABUPATEN KARAWANG,FE1,61060,ORANG,2014
494,32,JAWA BARAT,3215,KABUPATEN KARAWANG,FE3,58886,ORANG,2014
495,32,JAWA BARAT,3216,KABUPATEN BEKASI,FE1,73148,ORANG,2014
496,32,JAWA BARAT,3216,KABUPATEN BEKASI,FE3,70334,ORANG,2014
497,32,JAWA BARAT,3217,KABUPATEN BANDUNG BARAT,FE1,31436,ORANG,2014
498,32,JAWA BARAT,3217,KABUPATEN BANDUNG BARAT,FE3,28058,ORANG,2014
499,32,JAWA BARAT,3218,KABUPATEN PANGANDARAN,FE1,7877,ORANG,2014
500,32,JAWA BARAT,3218,KABUPATEN PANGANDARAN,FE3,7323,ORANG,2014
501,32,JAWA BARAT,3271,KOTA BOGOR,FE1,20886,ORANG,2014
502,32,JAWA BARAT,3271,KOTA BOGOR,FE3,20634,ORANG,2014
503,32,JAWA BARAT,3272,KOTA SUKABUMI,FE1,7291,ORANG,2014
504,32,JAWA BARAT,3272,KOTA SUKABUMI,FE3,6999,ORANG,2014
505,32,JAWA BARAT,3273,KOTA BANDUNG,FE1,45848,ORANG,2014
506,32,JAWA BARAT,3273,KOTA BANDUNG,FE3,44557,ORANG,2014
507,32,JAWA BARAT,3274,KOTA CIREBON,FE1,6160,ORANG,2014
508,32,JAWA BARAT,3274,KOTA CIREBON,FE3,5744,ORANG,2014
509,32,JAWA BARAT,3275,KOTA BEKASI,FE1,54065,ORANG,2014
510,32,JAWA BARAT,3275,KOTA BEKASI,FE3,50146,ORANG,2014
511,32,JAWA BARAT,3276,KOTA DEPOK,FE1,50564,ORANG,2014
512,32,JAWA BARAT,3276,KOTA DEPOK,FE3,50227,ORANG,2014
513,32,JAWA BARAT,3277,KOTA CIMAHI,FE1,11743,ORANG,2014
514,32,JAWA BARAT,3277,KOTA CIMAHI,FE3,11122,ORANG,2014
515,32,JAWA BARAT,3278,KOTA TASIKMALAYA,FE1,15407,ORANG,2014
516,32,JAWA BARAT,3278,KOTA TASIKMALAYA,FE3,14050,ORANG,2014
517,32,JAWA BARAT,3279,KOTA BANJAR,FE1,4131,ORANG,2014
518,32,JAWA BARAT,3279,KOTA BANJAR,FE3,3661,ORANG,2014
519,32,JAWA BARAT,3201,KABUPATEN BOGOR,FE1,124813,ORANG,2015
520,32,JAWA BARAT,3201,KABUPATEN BOGOR,FE3,110966,ORANG,2015
521,32,JAWA BARAT,3202,KABUPATEN SUKABUMI,FE1,54526,ORANG,2015
522,32,JAWA BARAT,3202,KABUPATEN SUKABUMI,FE3,49466,ORANG,2015
523,32,JAWA BARAT,3203,KABUPATEN CIANJUR,FE1,45655,ORANG,2015
524,32,JAWA BARAT,3203,KABUPATEN CIANJUR,FE3,39422,ORANG,2015
525,32,JAWA BARAT,3204,KABUPATEN BANDUNG,FE1,72881,ORANG,2015
526,32,JAWA BARAT,3204,KABUPATEN BANDUNG,FE3,68071,ORANG,2015
527,32,JAWA BARAT,3205,KABUPATEN GARUT,FE1,58144,ORANG,2015
528,32,JAWA BARAT,3205,KABUPATEN GARUT,FE3,54628,ORANG,2015
529,32,JAWA BARAT,3206,KABUPATEN TASIKMALAYA,FE1,35495,ORANG,2015
530,32,JAWA BARAT,3206,KABUPATEN TASIKMALAYA,FE3,32225,ORANG,2015
531,32,JAWA BARAT,3207,KABUPATEN CIAMIS,FE1,19807,ORANG,2015
532,32,JAWA BARAT,3207,KABUPATEN CIAMIS,FE3,19169,ORANG,2015
533,32,JAWA BARAT,3208,KABUPATEN KUNINGAN,FE1,22039,ORANG,2015
534,32,JAWA BARAT,3208,KABUPATEN KUNINGAN,FE3,20684,ORANG,2015
535,32,JAWA BARAT,3209,KABUPATEN CIREBON,FE1,53676,ORANG,2015
536,32,JAWA BARAT,3209,KABUPATEN CIREBON,FE3,50739,ORANG,2015
537,32,JAWA BARAT,3210,KABUPATEN MAJALENGKA,FE1,23363,ORANG,2015
538,32,JAWA BARAT,3210,KABUPATEN MAJALENGKA,FE3,21604,ORANG,2015
539,32,JAWA BARAT,3211,KABUPATEN SUMEDANG,FE1,22575,ORANG,2015
540,32,JAWA BARAT,3211,KABUPATEN SUMEDANG,FE3,21030,ORANG,2015
541,32,JAWA BARAT,3212,KABUPATEN INDRAMAYU,FE1,40544,ORANG,2015
542,32,JAWA BARAT,3212,KABUPATEN INDRAMAYU,FE3,36307,ORANG,2015
543,32,JAWA BARAT,3213,KABUPATEN SUBANG,FE1,35402,ORANG,2015
544,32,JAWA BARAT,3213,KABUPATEN SUBANG,FE3,33388,ORANG,2015
545,32,JAWA BARAT,3214,KABUPATEN PURWAKARTA,FE1,21047,ORANG,2015
546,32,JAWA BARAT,3214,KABUPATEN PURWAKARTA,FE3,20211,ORANG,2015
547,32,JAWA BARAT,3215,KABUPATEN KARAWANG,FE1,59189,ORANG,2015
548,32,JAWA BARAT,3215,KABUPATEN KARAWANG,FE3,56832,ORANG,2015
549,32,JAWA BARAT,3216,KABUPATEN BEKASI,FE1,76465,ORANG,2015
550,32,JAWA BARAT,3216,KABUPATEN BEKASI,FE3,72992,ORANG,2015
551,32,JAWA BARAT,3217,KABUPATEN BANDUNG BARAT,FE1,31077,ORANG,2015
552,32,JAWA BARAT,3217,KABUPATEN BANDUNG BARAT,FE3,28279,ORANG,2015
553,32,JAWA BARAT,3218,KABUPATEN PANGANDARAN,FE1,7113,ORANG,2015
554,32,JAWA BARAT,3218,KABUPATEN PANGANDARAN,FE3,6212,ORANG,2015
555,32,JAWA BARAT,3271,KOTA BOGOR,FE1,21008,ORANG,2015
556,32,JAWA BARAT,3271,KOTA BOGOR,FE3,20241,ORANG,2015
557,32,JAWA BARAT,3272,KOTA SUKABUMI,FE1,6862,ORANG,2015
558,32,JAWA BARAT,3272,KOTA SUKABUMI,FE3,6520,ORANG,2015
559,32,JAWA BARAT,3273,KOTA BANDUNG,FE1,41996,ORANG,2015
560,32,JAWA BARAT,3273,KOTA BANDUNG,FE3,39251,ORANG,2015
561,32,JAWA BARAT,3274,KOTA CIREBON,FE1,6092,ORANG,2015
562,32,JAWA BARAT,3274,KOTA CIREBON,FE3,5641,ORANG,2015
563,32,JAWA BARAT,3275,KOTA BEKASI,FE1,54372,ORANG,2015
564,32,JAWA BARAT,3275,KOTA BEKASI,FE3,50997,ORANG,2015
565,32,JAWA BARAT,3276,KOTA DEPOK,FE1,44110,ORANG,2015
566,32,JAWA BARAT,3276,KOTA DEPOK,FE3,41874,ORANG,2015
567,32,JAWA BARAT,3277,KOTA CIMAHI,FE1,11174,ORANG,2015
568,32,JAWA BARAT,3277,KOTA CIMAHI,FE3,10404,ORANG,2015
569,32,JAWA BARAT,3278,KOTA TASIKMALAYA,FE1,13667,ORANG,2015
570,32,JAWA BARAT,3278,KOTA TASIKMALAYA,FE3,12676,ORANG,2015
571,32,JAWA BARAT,3279,KOTA BANJAR,FE1,3865,ORANG,2015
572,32,JAWA BARAT,3279,KOTA BANJAR,FE3,3294,ORANG,2015
573,32,JAWA BARAT,3201,KABUPATEN BOGOR,FE1,125009,ORANG,2016
574,32,JAWA BARAT,3201,KABUPATEN BOGOR,FE3,117231,ORANG,2016
575,32,JAWA BARAT,3202,KABUPATEN SUKABUMI,FE1,51766,ORANG,2016
576,32,JAWA BARAT,3202,KABUPATEN SUKABUMI,FE3,46477,ORANG,2016
577,32,JAWA BARAT,3203,KABUPATEN CIANJUR,FE1,47220,ORANG,2016
578,32,JAWA BARAT,3203,KABUPATEN CIANJUR,FE3,41826,ORANG,2016
579,32,JAWA BARAT,3204,KABUPATEN BANDUNG,FE1,72253,ORANG,2016
580,32,JAWA BARAT,3204,KABUPATEN BANDUNG,FE3,67898,ORANG,2016
581,32,JAWA BARAT,3205,KABUPATEN GARUT,FE1,55955,ORANG,2016
582,32,JAWA BARAT,3205,KABUPATEN GARUT,FE3,55115,ORANG,2016
583,32,JAWA BARAT,3206,KABUPATEN TASIKMALAYA,FE1,41853,ORANG,2016
584,32,JAWA BARAT,3206,KABUPATEN TASIKMALAYA,FE3,36843,ORANG,2016
585,32,JAWA BARAT,3207,KABUPATEN CIAMIS,FE1,20711,ORANG,2016
586,32,JAWA BARAT,3207,KABUPATEN CIAMIS,FE3,18404,ORANG,2016
587,32,JAWA BARAT,3208,KABUPATEN KUNINGAN,FE1,20266,ORANG,2016
588,32,JAWA BARAT,3208,KABUPATEN KUNINGAN,FE3,18802,ORANG,2016
589,32,JAWA BARAT,3209,KABUPATEN CIREBON,FE1,52370,ORANG,2016
590,32,JAWA BARAT,3209,KABUPATEN CIREBON,FE3,49699,ORANG,2016
591,32,JAWA BARAT,3210,KABUPATEN MAJALENGKA,FE1,22484,ORANG,2016
592,32,JAWA BARAT,3210,KABUPATEN MAJALENGKA,FE3,20668,ORANG,2016
593,32,JAWA BARAT,3211,KABUPATEN SUMEDANG,FE1,21617,ORANG,2016
594,32,JAWA BARAT,3211,KABUPATEN SUMEDANG,FE3,20070,ORANG,2016
595,32,JAWA BARAT,3212,KABUPATEN INDRAMAYU,FE1,38113,ORANG,2016
596,32,JAWA BARAT,3212,KABUPATEN INDRAMAYU,FE3,34614,ORANG,2016
597,32,JAWA BARAT,3213,KABUPATEN SUBANG,FE1,33324,ORANG,2016
598,32,JAWA BARAT,3213,KABUPATEN SUBANG,FE3,31202,ORANG,2016
599,32,JAWA BARAT,3214,KABUPATEN PURWAKARTA,FE1,21325,ORANG,2016
600,32,JAWA BARAT,3214,KABUPATEN PURWAKARTA,FE3,20219,ORANG,2016
601,32,JAWA BARAT,3215,KABUPATEN KARAWANG,FE1,52236,ORANG,2016
602,32,JAWA BARAT,3215,KABUPATEN KARAWANG,FE3,49814,ORANG,2016
603,32,JAWA BARAT,3216,KABUPATEN BEKASI,FE1,78970,ORANG,2016
604,32,JAWA BARAT,3216,KABUPATEN BEKASI,FE3,76192,ORANG,2016
605,32,JAWA BARAT,3217,KABUPATEN BANDUNG BARAT,FE1,32161,ORANG,2016
606,32,JAWA BARAT,3217,KABUPATEN BANDUNG BARAT,FE3,29321,ORANG,2016
607,32,JAWA BARAT,3218,KABUPATEN PANGANDARAN,FE1,6914,ORANG,2016
608,32,JAWA BARAT,3218,KABUPATEN PANGANDARAN,FE3,6212,ORANG,2016
609,32,JAWA BARAT,3271,KOTA BOGOR,FE1,19385,ORANG,2016
610,32,JAWA BARAT,3271,KOTA BOGOR,FE3,18885,ORANG,2016
611,32,JAWA BARAT,3272,KOTA SUKABUMI,FE1,6843,ORANG,2016
612,32,JAWA BARAT,3272,KOTA SUKABUMI,FE3,6531,ORANG,2016
613,32,JAWA BARAT,3273,KOTA BANDUNG,FE1,46223,ORANG,2016
614,32,JAWA BARAT,3273,KOTA BANDUNG,FE3,43704,ORANG,2016
615,32,JAWA BARAT,3274,KOTA CIREBON,FE1,6097,ORANG,2016
616,32,JAWA BARAT,3274,KOTA CIREBON,FE3,5662,ORANG,2016
617,32,JAWA BARAT,3275,KOTA BEKASI,FE1,51281,ORANG,2016
618,32,JAWA BARAT,3275,KOTA BEKASI,FE3,49141,ORANG,2016
619,32,JAWA BARAT,3276,KOTA DEPOK,FE1,44620,ORANG,2016
620,32,JAWA BARAT,3276,KOTA DEPOK,FE3,42740,ORANG,2016
621,32,JAWA BARAT,3277,KOTA CIMAHI,FE1,11386,ORANG,2016
622,32,JAWA BARAT,3277,KOTA CIMAHI,FE3,10625,ORANG,2016
623,32,JAWA BARAT,3278,KOTA TASIKMALAYA,FE1,13517,ORANG,2016
624,32,JAWA BARAT,3278,KOTA TASIKMALAYA,FE3,12373,ORANG,2016
625,32,JAWA BARAT,3279,KOTA BANJAR,FE1,3937,ORANG,2016
626,32,JAWA BARAT,3279,KOTA BANJAR,FE3,3525,ORANG,2016
627,32,JAWA BARAT,3201,KABUPATEN BOGOR,FE1,126503,ORANG,2017
628,32,JAWA BARAT,3201,KABUPATEN BOGOR,FE3,116722,ORANG,2017
629,32,JAWA BARAT,3202,KABUPATEN SUKABUMI,FE1,50693,ORANG,2017
630,32,JAWA BARAT,3202,KABUPATEN SUKABUMI,FE3,45875,ORANG,2017
631,32,JAWA BARAT,3203,KABUPATEN CIANJUR,FE1,45806,ORANG,2017
632,32,JAWA BARAT,3203,KABUPATEN CIANJUR,FE3,40022,ORANG,2017
633,32,JAWA BARAT,3204,KABUPATEN BANDUNG,FE1,73928,ORANG,2017
634,32,JAWA BARAT,3204,KABUPATEN BANDUNG,FE3,70841,ORANG,2017
635,32,JAWA BARAT,3205,KABUPATEN GARUT,FE1,53494,ORANG,2017
636,32,JAWA BARAT,3205,KABUPATEN GARUT,FE3,50302,ORANG,2017
637,32,JAWA BARAT,3206,KABUPATEN TASIKMALAYA,FE1,34095,ORANG,2017
638,32,JAWA BARAT,3206,KABUPATEN TASIKMALAYA,FE3,31043,ORANG,2017
639,32,JAWA BARAT,3207,KABUPATEN CIAMIS,FE1,20730,ORANG,2017
640,32,JAWA BARAT,3207,KABUPATEN CIAMIS,FE3,18794,ORANG,2017
641,32,JAWA BARAT,3208,KABUPATEN KUNINGAN,FE1,20828,ORANG,2017
642,32,JAWA BARAT,3208,KABUPATEN KUNINGAN,FE3,18930,ORANG,2017
643,32,JAWA BARAT,3209,KABUPATEN CIREBON,FE1,51310,ORANG,2017
644,32,JAWA BARAT,3209,KABUPATEN CIREBON,FE3,48967,ORANG,2017
645,32,JAWA BARAT,3210,KABUPATEN MAJALENGKA,FE1,21926,ORANG,2017
646,32,JAWA BARAT,3210,KABUPATEN MAJALENGKA,FE3,20245,ORANG,2017
647,32,JAWA BARAT,3211,KABUPATEN SUMEDANG,FE1,21355,ORANG,2017
648,32,JAWA BARAT,3211,KABUPATEN SUMEDANG,FE3,20087,ORANG,2017
649,32,JAWA BARAT,3212,KABUPATEN INDRAMAYU,FE1,39456,ORANG,2017
650,32,JAWA BARAT,3212,KABUPATEN INDRAMAYU,FE3,36189,ORANG,2017
651,32,JAWA BARAT,3213,KABUPATEN SUBANG,FE1,33370,ORANG,2017
652,32,JAWA BARAT,3213,KABUPATEN SUBANG,FE3,31171,ORANG,2017
653,32,JAWA BARAT,3214,KABUPATEN PURWAKARTA,FE1,21159,ORANG,2017
654,32,JAWA BARAT,3214,KABUPATEN PURWAKARTA,FE3,20240,ORANG,2017
655,32,JAWA BARAT,3215,KABUPATEN KARAWANG,FE1,48032,ORANG,2017
656,32,JAWA BARAT,3215,KABUPATEN KARAWANG,FE3,45387,ORANG,2017
657,32,JAWA BARAT,3216,KABUPATEN BEKASI,FE1,79701,ORANG,2017
658,32,JAWA BARAT,3216,KABUPATEN BEKASI,FE3,77308,ORANG,2017
659,32,JAWA BARAT,3217,KABUPATEN BANDUNG BARAT,FE1,33546,ORANG,2017
660,32,JAWA BARAT,3217,KABUPATEN BANDUNG BARAT,FE3,30511,ORANG,2017
661,32,JAWA BARAT,3218,KABUPATEN PANGANDARAN,FE1,6914,ORANG,2017
662,32,JAWA BARAT,3218,KABUPATEN PANGANDARAN,FE3,6212,ORANG,2017
663,32,JAWA BARAT,3271,KOTA BOGOR,FE1,20605,ORANG,2017
664,32,JAWA BARAT,3271,KOTA BOGOR,FE3,19763,ORANG,2017
665,32,JAWA BARAT,3272,KOTA SUKABUMI,FE1,6585,ORANG,2017
666,32,JAWA BARAT,3272,KOTA SUKABUMI,FE3,6228,ORANG,2017
667,32,JAWA BARAT,3273,KOTA BANDUNG,FE1,36206,ORANG,2017
668,32,JAWA BARAT,3273,KOTA BANDUNG,FE3,35314,ORANG,2017
669,32,JAWA BARAT,3274,KOTA CIREBON,FE1,6051,ORANG,2017
670,32,JAWA BARAT,3274,KOTA CIREBON,FE3,5581,ORANG,2017
671,32,JAWA BARAT,3275,KOTA BEKASI,FE1,50291,ORANG,2017
672,32,JAWA BARAT,3275,KOTA BEKASI,FE3,48817,ORANG,2017
673,32,JAWA BARAT,3276,KOTA DEPOK,FE1,44841,ORANG,2017
674,32,JAWA BARAT,3276,KOTA DEPOK,FE3,43868,ORANG,2017
675,32,JAWA BARAT,3277,KOTA CIMAHI,FE1,11326,ORANG,2017
676,32,JAWA BARAT,3277,KOTA CIMAHI,FE3,10574,ORANG,2017
677,32,JAWA BARAT,3278,KOTA TASIKMALAYA,FE1,13538,ORANG,2017
678,32,JAWA BARAT,3278,KOTA TASIKMALAYA,FE3,12475,ORANG,2017
679,32,JAWA BARAT,3279,KOTA BANJAR,FE1,3678,ORANG,2017
680,32,JAWA BARAT,3279,KOTA BANJAR,FE3,3407,ORANG,2017
681,32,JAWA BARAT,3201,KABUPATEN BOGOR,FE1,125541,ORANG,2018
682,32,JAWA BARAT,3201,KABUPATEN BOGOR,FE3,115375,ORANG,2018
683,32,JAWA BARAT,3202,KABUPATEN SUKABUMI,FE1,49563,ORANG,2018
684,32,JAWA BARAT,3202,KABUPATEN SUKABUMI,FE3,45403,ORANG,2018
685,32,JAWA BARAT,3203,KABUPATEN CIANJUR,FE1,48092,ORANG,2018
686,32,JAWA BARAT,3203,KABUPATEN CIANJUR,FE3,42541,ORANG,2018
687,32,JAWA BARAT,3204,KABUPATEN BANDUNG,FE1,73749,ORANG,2018
688,32,JAWA BARAT,3204,KABUPATEN BANDUNG,FE3,66021,ORANG,2018
689,32,JAWA BARAT,3205,KABUPATEN GARUT,FE1,58713,ORANG,2018
690,32,JAWA BARAT,3205,KABUPATEN GARUT,FE3,58309,ORANG,2018
691,32,JAWA BARAT,3206,KABUPATEN TASIKMALAYA,FE1,33816,ORANG,2018
692,32,JAWA BARAT,3206,KABUPATEN TASIKMALAYA,FE3,30956,ORANG,2018
693,32,JAWA BARAT,3207,KABUPATEN CIAMIS,FE1,22253,ORANG,2018
694,32,JAWA BARAT,3207,KABUPATEN CIAMIS,FE3,19698,ORANG,2018
695,32,JAWA BARAT,3208,KABUPATEN KUNINGAN,FE1,20756,ORANG,2018
696,32,JAWA BARAT,3208,KABUPATEN KUNINGAN,FE3,18828,ORANG,2018
697,32,JAWA BARAT,3209,KABUPATEN CIREBON,FE1,52923,ORANG,2018
698,32,JAWA BARAT,3209,KABUPATEN CIREBON,FE3,50147,ORANG,2018
699,32,JAWA BARAT,3210,KABUPATEN MAJALENGKA,FE1,22508,ORANG,2018
700,32,JAWA BARAT,3210,KABUPATEN MAJALENGKA,FE3,20936,ORANG,2018
701,32,JAWA BARAT,3211,KABUPATEN SUMEDANG,FE1,20795,ORANG,2018
702,32,JAWA BARAT,3211,KABUPATEN SUMEDANG,FE3,19380,ORANG,2018
703,32,JAWA BARAT,3212,KABUPATEN INDRAMAYU,FE1,39514,ORANG,2018
704,32,JAWA BARAT,3212,KABUPATEN INDRAMAYU,FE3,35559,ORANG,2018
705,32,JAWA BARAT,3213,KABUPATEN SUBANG,FE1,35140,ORANG,2018
706,32,JAWA BARAT,3213,KABUPATEN SUBANG,FE3,32089,ORANG,2018
707,32,JAWA BARAT,3214,KABUPATEN PURWAKARTA,FE1,20381,ORANG,2018
708,32,JAWA BARAT,3214,KABUPATEN PURWAKARTA,FE3,19026,ORANG,2018
709,32,JAWA BARAT,3215,KABUPATEN KARAWANG,FE1,47646,ORANG,2018
710,32,JAWA BARAT,3215,KABUPATEN KARAWANG,FE3,44560,ORANG,2018
711,32,JAWA BARAT,3216,KABUPATEN BEKASI,FE1,78547,ORANG,2018
712,32,JAWA BARAT,3216,KABUPATEN BEKASI,FE3,75644,ORANG,2018
713,32,JAWA BARAT,3217,KABUPATEN BANDUNG BARAT,FE1,34162,ORANG,2018
714,32,JAWA BARAT,3217,KABUPATEN BANDUNG BARAT,FE3,30559,ORANG,2018
715,32,JAWA BARAT,3218,KABUPATEN PANGANDARAN,FE1,7139,ORANG,2018
716,32,JAWA BARAT,3218,KABUPATEN PANGANDARAN,FE3,5938,ORANG,2018
717,32,JAWA BARAT,3271,KOTA BOGOR,FE1,21522,ORANG,2018
718,32,JAWA BARAT,3271,KOTA BOGOR,FE3,20655,ORANG,2018
719,32,JAWA BARAT,3272,KOTA SUKABUMI,FE1,6424,ORANG,2018
720,32,JAWA BARAT,3272,KOTA SUKABUMI,FE3,6295,ORANG,2018
721,32,JAWA BARAT,3273,KOTA BANDUNG,FE1,43084,ORANG,2018
722,32,JAWA BARAT,3273,KOTA BANDUNG,FE3,42084,ORANG,2018
723,32,JAWA BARAT,3274,KOTA CIREBON,FE1,6112,ORANG,2018
724,32,JAWA BARAT,3274,KOTA CIREBON,FE3,5633,ORANG,2018
725,32,JAWA BARAT,3275,KOTA BEKASI,FE1,52737,ORANG,2018
726,32,JAWA BARAT,3275,KOTA BEKASI,FE3,51540,ORANG,2018
727,32,JAWA BARAT,3276,KOTA DEPOK,FE1,46094,ORANG,2018
728,32,JAWA BARAT,3276,KOTA DEPOK,FE3,45128,ORANG,2018
729,32,JAWA BARAT,3277,KOTA CIMAHI,FE1,11615,ORANG,2018
730,32,JAWA BARAT,3277,KOTA CIMAHI,FE3,11174,ORANG,2018
731,32,JAWA BARAT,3278,KOTA TASIKMALAYA,FE1,13195,ORANG,2018
732,32,JAWA BARAT,3278,KOTA TASIKMALAYA,FE3,12394,ORANG,2018
733,32,JAWA BARAT,3279,KOTA BANJAR,FE1,3633,ORANG,2018
734,32,JAWA BARAT,3279,KOTA BANJAR,FE3,3257,ORANG,2018
735,32,JAWA BARAT,3201,KABUPATEN BOGOR,FE3,116857,ORANG,2019
736,32,JAWA BARAT,3202,KABUPATEN SUKABUMI,FE3,48205,ORANG,2019
737,32,JAWA BARAT,3203,KABUPATEN CIANJUR,FE3,43202,ORANG,2019
738,32,JAWA BARAT,3204,KABUPATEN BANDUNG,FE3,76815,ORANG,2019
739,32,JAWA BARAT,3205,KABUPATEN GARUT,FE3,53511,ORANG,2019
740,32,JAWA BARAT,3206,KABUPATEN TASIKMALAYA,FE3,29948,ORANG,2019
741,32,JAWA BARAT,3207,KABUPATEN CIAMIS,FE3,19023,ORANG,2019
742,32,JAWA BARAT,3208,KABUPATEN KUNINGAN,FE3,18440,ORANG,2019
743,32,JAWA BARAT,3209,KABUPATEN CIREBON,FE3,51152,ORANG,2019
744,32,JAWA BARAT,3210,KABUPATEN MAJALENGKA,FE3,20702,ORANG,2019
745,32,JAWA BARAT,3211,KABUPATEN SUMEDANG,FE3,18961,ORANG,2019
746,32,JAWA BARAT,3212,KABUPATEN INDRAMAYU,FE3,35691,ORANG,2019
747,32,JAWA BARAT,3213,KABUPATEN SUBANG,FE3,35110,ORANG,2019
748,32,JAWA BARAT,3214,KABUPATEN PURWAKARTA,FE3,19323,ORANG,2019
749,32,JAWA BARAT,3215,KABUPATEN KARAWANG,FE3,44535,ORANG,2019
750,32,JAWA BARAT,3216,KABUPATEN BEKASI,FE3,82009,ORANG,2019
751,32,JAWA BARAT,3217,KABUPATEN BANDUNG BARAT,FE3,31158,ORANG,2019
752,32,JAWA BARAT,3218,KABUPATEN PANGANDARAN,FE3,6168,ORANG,2019
753,32,JAWA BARAT,3271,KOTA BOGOR,FE3,20559,ORANG,2019
754,32,JAWA BARAT,3272,KOTA SUKABUMI,FE3,6136,ORANG,2019
755,32,JAWA BARAT,3273,KOTA BANDUNG,FE3,40808,ORANG,2019
756,32,JAWA BARAT,3274,KOTA CIREBON,FE3,5500,ORANG,2019
757,32,JAWA BARAT,3275,KOTA BEKASI,FE3,46721,ORANG,2019
758,32,JAWA BARAT,3276,KOTA DEPOK,FE3,45968,ORANG,2019
759,32,JAWA BARAT,3277,KOTA CIMAHI,FE3,11197,ORANG,2019
760,32,JAWA BARAT,3278,KOTA TASIKMALAYA,FE3,12303,ORANG,2019
761,32,JAWA BARAT,3279,KOTA BANJAR,FE3,3345,ORANG,2019
762,32,JAWA BARAT,3201,KABUPATEN BOGOR,FE3,114239,ORANG,2020
763,32,JAWA BARAT,3202,KABUPATEN SUKABUMI,FE3,4694,ORANG,2020
764,32,JAWA BARAT,3203,KABUPATEN CIANJUR,FE3,41363,ORANG,2020
765,32,JAWA BARAT,3204,KABUPATEN BANDUNG,FE3,72967,ORANG,2020
766,32,JAWA BARAT,3205,KABUPATEN GARUT,FE3,51957,ORANG,2020
767,32,JAWA BARAT,3206,KABUPATEN TASIKMALAYA,FE3,31796,ORANG,2020
768,32,JAWA BARAT,3207,KABUPATEN CIAMIS,FE3,18994,ORANG,2020
769,32,JAWA BARAT,3208,KABUPATEN KUNINGAN,FE3,18408,ORANG,2020
770,32,JAWA BARAT,3209,KABUPATEN CIREBON,FE3,49863,ORANG,2020
771,32,JAWA BARAT,3210,KABUPATEN MAJALENGKA,FE3,20524,ORANG,2020
772,32,JAWA BARAT,3211,KABUPATEN SUMEDANG,FE3,19016,ORANG,2020
773,32,JAWA BARAT,3212,KABUPATEN INDRAMAYU,FE3,28212,ORANG,2020
774,32,JAWA BARAT,3213,KABUPATEN SUBANG,FE3,34543,ORANG,2020
775,32,JAWA BARAT,3214,KABUPATEN PURWAKARTA,FE3,19957,ORANG,2020
776,32,JAWA BARAT,3215,KABUPATEN KARAWANG,FE3,43531,ORANG,2020
777,32,JAWA BARAT,3216,KABUPATEN BEKASI,FE3,81976,ORANG,2020
778,32,JAWA BARAT,3217,KABUPATEN BANDUNG BARAT,FE3,28498,ORANG,2020
779,32,JAWA BARAT,3218,KABUPATEN PANGANDARAN,FE3,5928,ORANG,2020
780,32,JAWA BARAT,3271,KOTA BOGOR,FE3,17329,ORANG,2020
781,32,JAWA BARAT,3272,KOTA SUKABUMI,FE3,6265,ORANG,2020
782,32,JAWA BARAT,3273,KOTA BANDUNG,FE3,35757,ORANG,2020
783,32,JAWA BARAT,3274,KOTA CIREBON,FE3,5217,ORANG,2020
784,32,JAWA BARAT,3275,KOTA BEKASI,FE3,45922,ORANG,2020
785,32,JAWA BARAT,3276,KOTA DEPOK,FE3,45437,ORANG,2020
786,32,JAWA BARAT,3277,KOTA CIMAHI,FE3,1035,ORANG,2020
787,32,JAWA BARAT,3278,KOTA TASIKMALAYA,FE3,12303,ORANG,2020
788,32,JAWA BARAT,3279,KOTA BANJAR,FE3,3104,ORANG,2020
789,32,JAWA BARAT,3201,KABUPATEN BOGOR,FE3,8118,ORANG,2021
790,32,JAWA BARAT,3202,KABUPATEN SUKABUMI,FE3,4471,ORANG,2021
791,32,JAWA BARAT,3203,KABUPATEN CIANJUR,FE3,41425,ORANG,2021
792,32,JAWA BARAT,3204,KABUPATEN BANDUNG,FE3,69986,ORANG,2021
793,32,JAWA BARAT,3205,KABUPATEN GARUT,FE3,50704,ORANG,2021
794,32,JAWA BARAT,3206,KABUPATEN TASIKMALAYA,FE3,30651,ORANG,2021
795,32,JAWA BARAT,3207,KABUPATEN CIAMIS,FE3,18534,ORANG,2021
796,32,JAWA BARAT,3208,KABUPATEN KUNINGAN,FE3,17306,ORANG,2021
797,32,JAWA BARAT,3209,KABUPATEN CIREBON,FE3,42927,ORANG,2021
798,32,JAWA BARAT,3210,KABUPATEN MAJALENGKA,FE3,19562,ORANG,2021
799,32,JAWA BARAT,3211,KABUPATEN SUMEDANG,FE3,17102,ORANG,2021
800,32,JAWA BARAT,3212,KABUPATEN INDRAMAYU,FE3,2737,ORANG,2021
801,32,JAWA BARAT,3213,KABUPATEN SUBANG,FE3,34867,ORANG,2021
802,32,JAWA BARAT,3214,KABUPATEN PURWAKARTA,FE3,17783,ORANG,2021
803,32,JAWA BARAT,3215,KABUPATEN KARAWANG,FE3,41528,ORANG,2021
804,32,JAWA BARAT,3216,KABUPATEN BEKASI,FE3,75047,ORANG,2021
805,32,JAWA BARAT,3217,KABUPATEN BANDUNG BARAT,FE3,27789,ORANG,2021
806,32,JAWA BARAT,3218,KABUPATEN PANGANDARAN,FE3,5787,ORANG,2021
807,32,JAWA BARAT,3271,KOTA BOGOR,FE3,18637,ORANG,2021
808,32,JAWA BARAT,3272,KOTA SUKABUMI,FE3,5933,ORANG,2021
809,32,JAWA BARAT,3273,KOTA BANDUNG,FE3,35787,ORANG,2021
810,32,JAWA BARAT,3274,KOTA CIREBON,FE3,5145,ORANG,2021
811,32,JAWA BARAT,3275,KOTA BEKASI,FE3,46101,ORANG,2021
812,32,JAWA BARAT,3276,KOTA DEPOK,FE3,44733,ORANG,2021
813,32,JAWA BARAT,3277,KOTA CIMAHI,FE3,10209,ORANG,2021
814,32,JAWA BARAT,3278,KOTA TASIKMALAYA,FE3,11886,ORANG,2021
815,32,JAWA BARAT,3279,KOTA BANJAR,FE3,3005,ORANG,2021
816,32,JAWA BARAT,3201,KABUPATEN BOGOR,FE3,104887,ORANG,2022
817,32,JAWA BARAT,3202,KABUPATEN SUKABUMI,FE3,44768,ORANG,2022
818,32,JAWA BARAT,3203,KABUPATEN CIANJUR,FE3,35137,ORANG,2022
819,32,JAWA BARAT,3204,KABUPATEN BANDUNG,FE3,64897,ORANG,2022
820,32,JAWA BARAT,3205,KABUPATEN GARUT,FE3,52482,ORANG,2022
821,32,JAWA BARAT,3206,KABUPATEN TASIKMALAYA,FE3,25887,ORANG,2022
822,32,JAWA BARAT,3207,KABUPATEN CIAMIS,FE3,19029,ORANG,2022
823,32,JAWA BARAT,3208,KABUPATEN KUNINGAN,FE3,15873,ORANG,2022
824,32,JAWA BARAT,3209,KABUPATEN CIREBON,FE3,45519,ORANG,2022
825,32,JAWA BARAT,3210,KABUPATEN MAJALENGKA,FE3,18457,ORANG,2022
826,32,JAWA BARAT,3211,KABUPATEN SUMEDANG,FE3,16195,ORANG,2022
827,32,JAWA BARAT,3212,KABUPATEN INDRAMAYU,FE3,17735,ORANG,2022
828,32,JAWA BARAT,3213,KABUPATEN SUBANG,FE3,24874,ORANG,2022
829,32,JAWA BARAT,3214,KABUPATEN PURWAKARTA,FE3,17414,ORANG,2022
830,32,JAWA BARAT,3215,KABUPATEN KARAWANG,FE3,41006,ORANG,2022
831,32,JAWA BARAT,3216,KABUPATEN BEKASI,FE3,79883,ORANG,2022
832,32,JAWA BARAT,3217,KABUPATEN BANDUNG BARAT,FE3,29577,ORANG,2022
833,32,JAWA BARAT,3218,KABUPATEN PANGANDARAN,FE3,5680,ORANG,2022
834,32,JAWA BARAT,3271,KOTA BOGOR,FE3,17337,ORANG,2022
835,32,JAWA BARAT,3272,KOTA SUKABUMI,FE3,5799,ORANG,2022
836,32,JAWA BARAT,3273,KOTA BANDUNG,FE3,28641,ORANG,2022
837,32,JAWA BARAT,3274,KOTA CIREBON,FE3,5052,ORANG,2022
838,32,JAWA BARAT,3275,KOTA BEKASI,FE3,51014,ORANG,2022
839,32,JAWA BARAT,3276,KOTA DEPOK,FE3,46240,ORANG,2022
840,32,JAWA BARAT,3277,KOTA CIMAHI,FE3,10728,ORANG,2022
841,32,JAWA BARAT,3278,KOTA TASIKMALAYA,FE3,11528,ORANG,2022
842,32,JAWA BARAT,3279,KOTA BANJAR,FE3,2625,ORANG,2022
843,32,JAWA BARAT,3201,KABUPATEN BOGOR,FE3,105964,ORANG,2023
844,32,JAWA BARAT,3202,KABUPATEN SUKABUMI,FE3,4189,ORANG,2023
845,32,JAWA BARAT,3203,KABUPATEN CIANJUR,FE3,36389,ORANG,2023
846,32,JAWA BARAT,3204,KABUPATEN BANDUNG,FE3,63361,ORANG,2023
847,32,JAWA BARAT,3205,KABUPATEN GARUT,FE3,46019,ORANG,2023
848,32,JAWA BARAT,3206,KABUPATEN TASIKMALAYA,FE3,23258,ORANG,2023
849,32,JAWA BARAT,3207,KABUPATEN CIAMIS,FE3,16745,ORANG,2023
850,32,JAWA BARAT,3208,KABUPATEN KUNINGAN,FE3,15193,ORANG,2023
851,32,JAWA BARAT,3209,KABUPATEN CIREBON,FE3,45976,ORANG,2023
852,32,JAWA BARAT,3210,KABUPATEN MAJALENGKA,FE3,20069,ORANG,2023
853,32,JAWA BARAT,3211,KABUPATEN SUMEDANG,FE3,15789,ORANG,2023
854,32,JAWA BARAT,3212,KABUPATEN INDRAMAYU,FE3,25129,ORANG,2023
855,32,JAWA BARAT,3213,KABUPATEN SUBANG,FE3,23314,ORANG,2023
856,32,JAWA BARAT,3214,KABUPATEN PURWAKARTA,FE3,17568,ORANG,2023
857,32,JAWA BARAT,3215,KABUPATEN KARAWANG,FE3,37469,ORANG,2023
858,32,JAWA BARAT,3216,KABUPATEN BEKASI,FE3,82409,ORANG,2023
859,32,JAWA BARAT,3217,KABUPATEN BANDUNG BARAT,FE3,30752,ORANG,2023
860,32,JAWA BARAT,3218,KABUPATEN PANGANDARAN,FE3,5637,ORANG,2023
861,32,JAWA BARAT,3271,KOTA BOGOR,FE3,1883,ORANG,2023
862,32,JAWA BARAT,3272,KOTA SUKABUMI,FE3,5799,ORANG,2023
863,32,JAWA BARAT,3273,KOTA BANDUNG,FE3,37232,ORANG,2023
864,32,JAWA BARAT,3274,KOTA CIREBON,FE3,477,ORANG,2023
865,32,JAWA BARAT,3275,KOTA BEKASI,FE3,43001,ORANG,2023
866,32,JAWA BARAT,3276,KOTA DEPOK,FE3,47339,ORANG,2023
867,32,JAWA BARAT,3277,KOTA CIMAHI,FE3,10277,ORANG,2023
868,32,JAWA BARAT,3278,KOTA TASIKMALAYA,FE3,11285,ORANG,2023
869,32,JAWA BARAT,3279,KOTA BANJAR,FE3,2934,ORANG,2023
