id,kode_provinsi,nama_provinsi,kode_kabupaten_kota,nama_kabupaten_kota,jenis_imunisasi,persentase_imunisasi,satuan,tahun
1,32,JAWA BARAT,3201,KABUPATEN BOGOR,Td1,57.7,PERSEN,2019
2,32,JAWA BARAT,3201,KABUPATEN BOGOR,Td2,50.1,PERSEN,2019
3,32,JAWA BARAT,3201,KABUPATEN BOGOR,Td3,21.5,PERSEN,2019
4,32,JAWA BARAT,3201,KABUPATEN BOGOR,Td4,11.6,PERSEN,2019
5,32,JAWA BARAT,3201,KABUPATEN BOGOR,Td5,7.7,PERSEN,2019
6,32,JAWA BARAT,3201,KABUPATEN BOGOR,Td2+,90.8,PERSEN,2019
7,32,JAWA BARAT,3202,KABUPATEN SUKABUMI,Td1,45.5,PERSEN,2019
8,32,JAWA BARAT,3202,KABUPATEN SUKABUMI,Td2,41.7,PERSEN,2019
9,32,JAWA BARAT,3202,KABUPATEN SUKABUMI,Td3,20.7,PERSEN,2019
10,32,JAWA BARAT,3202,KABUPATEN SUKABUMI,Td4,11.2,PERSEN,2019
11,32,JAWA BARAT,3202,KABUPATEN SUKABUMI,Td5,10.8,PERSEN,2019
12,32,JAWA BARAT,3202,KABUPATEN SUKABUMI,Td2+,84.5,PERSEN,2019
13,32,JAWA BARAT,3203,KABUPATEN CIANJUR,Td1,67.9,PERSEN,2019
14,32,JAWA BARAT,3203,KABUPATEN CIANJUR,Td2,61.3,PERSEN,2019
15,32,JAWA BARAT,3203,KABUPATEN CIANJUR,Td3,16.5,PERSEN,2019
16,32,JAWA BARAT,3203,KABUPATEN CIANJUR,Td4,8.5,PERSEN,2019
17,32,JAWA BARAT,3203,KABUPATEN CIANJUR,Td5,9.5,PERSEN,2019
18,32,JAWA BARAT,3203,KABUPATEN CIANJUR,Td2+,95.8,PERSEN,2019
19,32,JAWA BARAT,3204,KABUPATEN BANDUNG,Td1,27.3,PERSEN,2019
20,32,JAWA BARAT,3204,KABUPATEN BANDUNG,Td2,28.2,PERSEN,2019
21,32,JAWA BARAT,3204,KABUPATEN BANDUNG,Td3,25.6,PERSEN,2019
22,32,JAWA BARAT,3204,KABUPATEN BANDUNG,Td4,21.5,PERSEN,2019
23,32,JAWA BARAT,3204,KABUPATEN BANDUNG,Td5,16.6,PERSEN,2019
24,32,JAWA BARAT,3204,KABUPATEN BANDUNG,Td2+,91.9,PERSEN,2019
25,32,JAWA BARAT,3205,KABUPATEN GARUT,Td1,67.2,PERSEN,2019
26,32,JAWA BARAT,3205,KABUPATEN GARUT,Td2,61.1,PERSEN,2019
27,32,JAWA BARAT,3205,KABUPATEN GARUT,Td3,20.5,PERSEN,2019
28,32,JAWA BARAT,3205,KABUPATEN GARUT,Td4,12.2,PERSEN,2019
29,32,JAWA BARAT,3205,KABUPATEN GARUT,Td5,11.3,PERSEN,2019
30,32,JAWA BARAT,3205,KABUPATEN GARUT,Td2+,105.1,PERSEN,2019
31,32,JAWA BARAT,3206,KABUPATEN TASIKMALAYA,Td1,73.8,PERSEN,2019
32,32,JAWA BARAT,3206,KABUPATEN TASIKMALAYA,Td2,70.1,PERSEN,2019
33,32,JAWA BARAT,3206,KABUPATEN TASIKMALAYA,Td3,11.9,PERSEN,2019
34,32,JAWA BARAT,3206,KABUPATEN TASIKMALAYA,Td4,6.8,PERSEN,2019
35,32,JAWA BARAT,3206,KABUPATEN TASIKMALAYA,Td5,4.3,PERSEN,2019
36,32,JAWA BARAT,3206,KABUPATEN TASIKMALAYA,Td2+,93.2,PERSEN,2019
37,32,JAWA BARAT,3207,KABUPATEN CIAMIS,Td1,39.5,PERSEN,2019
38,32,JAWA BARAT,3207,KABUPATEN CIAMIS,Td2,32.4,PERSEN,2019
39,32,JAWA BARAT,3207,KABUPATEN CIAMIS,Td3,33.1,PERSEN,2019
40,32,JAWA BARAT,3207,KABUPATEN CIAMIS,Td4,15.5,PERSEN,2019
41,32,JAWA BARAT,3207,KABUPATEN CIAMIS,Td5,11.5,PERSEN,2019
42,32,JAWA BARAT,3207,KABUPATEN CIAMIS,Td2+,92.5,PERSEN,2019
43,32,JAWA BARAT,3208,KABUPATEN KUNINGAN,Td1,33.1,PERSEN,2019
44,32,JAWA BARAT,3208,KABUPATEN KUNINGAN,Td2,32.0,PERSEN,2019
45,32,JAWA BARAT,3208,KABUPATEN KUNINGAN,Td3,35.2,PERSEN,2019
46,32,JAWA BARAT,3208,KABUPATEN KUNINGAN,Td4,18.7,PERSEN,2019
47,32,JAWA BARAT,3208,KABUPATEN KUNINGAN,Td5,10.5,PERSEN,2019
48,32,JAWA BARAT,3208,KABUPATEN KUNINGAN,Td2+,96.4,PERSEN,2019
49,32,JAWA BARAT,3209,KABUPATEN CIREBON,Td1,81.4,PERSEN,2019
50,32,JAWA BARAT,3209,KABUPATEN CIREBON,Td2,75.4,PERSEN,2019
51,32,JAWA BARAT,3209,KABUPATEN CIREBON,Td3,31.4,PERSEN,2019
52,32,JAWA BARAT,3209,KABUPATEN CIREBON,Td4,15.3,PERSEN,2019
53,32,JAWA BARAT,3209,KABUPATEN CIREBON,Td5,7.2,PERSEN,2019
54,32,JAWA BARAT,3209,KABUPATEN CIREBON,Td2+,129.3,PERSEN,2019
55,32,JAWA BARAT,3210,KABUPATEN MAJALENGKA,Td1,48.6,PERSEN,2019
56,32,JAWA BARAT,3210,KABUPATEN MAJALENGKA,Td2,44.0,PERSEN,2019
57,32,JAWA BARAT,3210,KABUPATEN MAJALENGKA,Td3,34.3,PERSEN,2019
58,32,JAWA BARAT,3210,KABUPATEN MAJALENGKA,Td4,14.3,PERSEN,2019
59,32,JAWA BARAT,3210,KABUPATEN MAJALENGKA,Td5,7.2,PERSEN,2019
60,32,JAWA BARAT,3210,KABUPATEN MAJALENGKA,Td2+,99.8,PERSEN,2019
61,32,JAWA BARAT,3211,KABUPATEN SUMEDANG,Td1,98.1,PERSEN,2019
62,32,JAWA BARAT,3211,KABUPATEN SUMEDANG,Td2,95.1,PERSEN,2019
63,32,JAWA BARAT,3211,KABUPATEN SUMEDANG,Td3,7.3,PERSEN,2019
64,32,JAWA BARAT,3211,KABUPATEN SUMEDANG,Td4,2.9,PERSEN,2019
65,32,JAWA BARAT,3211,KABUPATEN SUMEDANG,Td5,1.7,PERSEN,2019
66,32,JAWA BARAT,3211,KABUPATEN SUMEDANG,Td2+,107.0,PERSEN,2019
67,32,JAWA BARAT,3212,KABUPATEN INDRAMAYU,Td1,93.7,PERSEN,2019
68,32,JAWA BARAT,3212,KABUPATEN INDRAMAYU,Td2,87.6,PERSEN,2019
69,32,JAWA BARAT,3212,KABUPATEN INDRAMAYU,Td3,14.5,PERSEN,2019
70,32,JAWA BARAT,3212,KABUPATEN INDRAMAYU,Td4,10.8,PERSEN,2019
71,32,JAWA BARAT,3212,KABUPATEN INDRAMAYU,Td5,7.8,PERSEN,2019
72,32,JAWA BARAT,3212,KABUPATEN INDRAMAYU,Td2+,120.7,PERSEN,2019
73,32,JAWA BARAT,3213,KABUPATEN SUBANG,Td1,54.9,PERSEN,2019
74,32,JAWA BARAT,3213,KABUPATEN SUBANG,Td2,82.4,PERSEN,2019
75,32,JAWA BARAT,3213,KABUPATEN SUBANG,Td3,27.1,PERSEN,2019
76,32,JAWA BARAT,3213,KABUPATEN SUBANG,Td4,15.9,PERSEN,2019
77,32,JAWA BARAT,3213,KABUPATEN SUBANG,Td5,9.0,PERSEN,2019
78,32,JAWA BARAT,3213,KABUPATEN SUBANG,Td2+,134.4,PERSEN,2019
79,32,JAWA BARAT,3214,KABUPATEN PURWAKARTA,Td1,42.5,PERSEN,2019
80,32,JAWA BARAT,3214,KABUPATEN PURWAKARTA,Td2,36.9,PERSEN,2019
81,32,JAWA BARAT,3214,KABUPATEN PURWAKARTA,Td3,29.3,PERSEN,2019
82,32,JAWA BARAT,3214,KABUPATEN PURWAKARTA,Td4,14.1,PERSEN,2019
83,32,JAWA BARAT,3214,KABUPATEN PURWAKARTA,Td5,8.0,PERSEN,2019
84,32,JAWA BARAT,3214,KABUPATEN PURWAKARTA,Td2+,88.4,PERSEN,2019
85,32,JAWA BARAT,3215,KABUPATEN KARAWANG,Td1,43.4,PERSEN,2019
86,32,JAWA BARAT,3215,KABUPATEN KARAWANG,Td2,42.1,PERSEN,2019
87,32,JAWA BARAT,3215,KABUPATEN KARAWANG,Td3,27.5,PERSEN,2019
88,32,JAWA BARAT,3215,KABUPATEN KARAWANG,Td4,16.5,PERSEN,2019
89,32,JAWA BARAT,3215,KABUPATEN KARAWANG,Td5,10.9,PERSEN,2019
90,32,JAWA BARAT,3215,KABUPATEN KARAWANG,Td2+,97.1,PERSEN,2019
91,32,JAWA BARAT,3216,KABUPATEN BEKASI,Td1,73.2,PERSEN,2019
92,32,JAWA BARAT,3216,KABUPATEN BEKASI,Td2,70.0,PERSEN,2019
93,32,JAWA BARAT,3216,KABUPATEN BEKASI,Td3,24.7,PERSEN,2019
94,32,JAWA BARAT,3216,KABUPATEN BEKASI,Td4,18.1,PERSEN,2019
95,32,JAWA BARAT,3216,KABUPATEN BEKASI,Td5,14.7,PERSEN,2019
96,32,JAWA BARAT,3216,KABUPATEN BEKASI,Td2+,127.5,PERSEN,2019
97,32,JAWA BARAT,3217,KABUPATEN BANDUNG BARAT,Td1,0.0,PERSEN,2019
98,32,JAWA BARAT,3217,KABUPATEN BANDUNG BARAT,Td2,0.0,PERSEN,2019
99,32,JAWA BARAT,3217,KABUPATEN BANDUNG BARAT,Td3,0.0,PERSEN,2019
100,32,JAWA BARAT,3217,KABUPATEN BANDUNG BARAT,Td4,0.0,PERSEN,2019
101,32,JAWA BARAT,3217,KABUPATEN BANDUNG BARAT,Td5,0.0,PERSEN,2019
102,32,JAWA BARAT,3217,KABUPATEN BANDUNG BARAT,Td2+,0.0,PERSEN,2019
103,32,JAWA BARAT,3218,KABUPATEN PANGANDARAN,Td1,0.0,PERSEN,2019
104,32,JAWA BARAT,3218,KABUPATEN PANGANDARAN,Td2,0.0,PERSEN,2019
105,32,JAWA BARAT,3218,KABUPATEN PANGANDARAN,Td3,0.0,PERSEN,2019
106,32,JAWA BARAT,3218,KABUPATEN PANGANDARAN,Td4,0.0,PERSEN,2019
107,32,JAWA BARAT,3218,KABUPATEN PANGANDARAN,Td5,0.0,PERSEN,2019
108,32,JAWA BARAT,3218,KABUPATEN PANGANDARAN,Td2+,0.0,PERSEN,2019
109,32,JAWA BARAT,3271,KOTA BOGOR,Td1,47.5,PERSEN,2019
110,32,JAWA BARAT,3271,KOTA BOGOR,Td2,44.9,PERSEN,2019
111,32,JAWA BARAT,3271,KOTA BOGOR,Td3,23.9,PERSEN,2019
112,32,JAWA BARAT,3271,KOTA BOGOR,Td4,14.7,PERSEN,2019
113,32,JAWA BARAT,3271,KOTA BOGOR,Td5,14.5,PERSEN,2019
114,32,JAWA BARAT,3271,KOTA BOGOR,Td2+,98.0,PERSEN,2019
115,32,JAWA BARAT,3272,KOTA SUKABUMI,Td1,71.4,PERSEN,2019
116,32,JAWA BARAT,3272,KOTA SUKABUMI,Td2,63.0,PERSEN,2019
117,32,JAWA BARAT,3272,KOTA SUKABUMI,Td3,21.0,PERSEN,2019
118,32,JAWA BARAT,3272,KOTA SUKABUMI,Td4,11.6,PERSEN,2019
119,32,JAWA BARAT,3272,KOTA SUKABUMI,Td5,10.0,PERSEN,2019
120,32,JAWA BARAT,3272,KOTA SUKABUMI,Td2+,105.6,PERSEN,2019
121,32,JAWA BARAT,3273,KOTA BANDUNG,Td1,32.7,PERSEN,2019
122,32,JAWA BARAT,3273,KOTA BANDUNG,Td2,34.0,PERSEN,2019
123,32,JAWA BARAT,3273,KOTA BANDUNG,Td3,7.0,PERSEN,2019
124,32,JAWA BARAT,3273,KOTA BANDUNG,Td4,4.3,PERSEN,2019
125,32,JAWA BARAT,3273,KOTA BANDUNG,Td5,3.5,PERSEN,2019
126,32,JAWA BARAT,3273,KOTA BANDUNG,Td2+,48.8,PERSEN,2019
127,32,JAWA BARAT,3274,KOTA CIREBON,Td1,31.5,PERSEN,2019
128,32,JAWA BARAT,3274,KOTA CIREBON,Td2,29.8,PERSEN,2019
129,32,JAWA BARAT,3274,KOTA CIREBON,Td3,23.7,PERSEN,2019
130,32,JAWA BARAT,3274,KOTA CIREBON,Td4,11.9,PERSEN,2019
131,32,JAWA BARAT,3274,KOTA CIREBON,Td5,10.0,PERSEN,2019
132,32,JAWA BARAT,3274,KOTA CIREBON,Td2+,75.3,PERSEN,2019
133,32,JAWA BARAT,3275,KOTA BEKASI,Td1,50.2,PERSEN,2019
134,32,JAWA BARAT,3275,KOTA BEKASI,Td2,44.8,PERSEN,2019
135,32,JAWA BARAT,3275,KOTA BEKASI,Td3,28.1,PERSEN,2019
136,32,JAWA BARAT,3275,KOTA BEKASI,Td4,20.3,PERSEN,2019
137,32,JAWA BARAT,3275,KOTA BEKASI,Td5,14.8,PERSEN,2019
138,32,JAWA BARAT,3275,KOTA BEKASI,Td2+,108.0,PERSEN,2019
139,32,JAWA BARAT,3276,KOTA DEPOK,Td1,74.8,PERSEN,2019
140,32,JAWA BARAT,3276,KOTA DEPOK,Td2,69.8,PERSEN,2019
141,32,JAWA BARAT,3276,KOTA DEPOK,Td3,25.0,PERSEN,2019
142,32,JAWA BARAT,3276,KOTA DEPOK,Td4,19.4,PERSEN,2019
143,32,JAWA BARAT,3276,KOTA DEPOK,Td5,15.3,PERSEN,2019
144,32,JAWA BARAT,3276,KOTA DEPOK,Td2+,129.5,PERSEN,2019
145,32,JAWA BARAT,3277,KOTA CIMAHI,Td1,61.4,PERSEN,2019
146,32,JAWA BARAT,3277,KOTA CIMAHI,Td2,57.4,PERSEN,2019
147,32,JAWA BARAT,3277,KOTA CIMAHI,Td3,16.2,PERSEN,2019
148,32,JAWA BARAT,3277,KOTA CIMAHI,Td4,9.0,PERSEN,2019
149,32,JAWA BARAT,3277,KOTA CIMAHI,Td5,4.9,PERSEN,2019
150,32,JAWA BARAT,3277,KOTA CIMAHI,Td2+,87.5,PERSEN,2019
151,32,JAWA BARAT,3278,KOTA TASIKMALAYA,Td1,0.0,PERSEN,2019
152,32,JAWA BARAT,3278,KOTA TASIKMALAYA,Td2,0.0,PERSEN,2019
153,32,JAWA BARAT,3278,KOTA TASIKMALAYA,Td3,0.0,PERSEN,2019
154,32,JAWA BARAT,3278,KOTA TASIKMALAYA,Td4,0.0,PERSEN,2019
155,32,JAWA BARAT,3278,KOTA TASIKMALAYA,Td5,0.0,PERSEN,2019
156,32,JAWA BARAT,3278,KOTA TASIKMALAYA,Td2+,0.0,PERSEN,2019
157,32,JAWA BARAT,3279,KOTA BANJAR,Td1,77.0,PERSEN,2019
158,32,JAWA BARAT,3279,KOTA BANJAR,Td2,74.2,PERSEN,2019
159,32,JAWA BARAT,3279,KOTA BANJAR,Td3,52.2,PERSEN,2019
160,32,JAWA BARAT,3279,KOTA BANJAR,Td4,24.8,PERSEN,2019
161,32,JAWA BARAT,3279,KOTA BANJAR,Td5,15.8,PERSEN,2019
162,32,JAWA BARAT,3279,KOTA BANJAR,Td2+,167.0,PERSEN,2019
163,32,JAWA BARAT,3201,KABUPATEN BOGOR,Td1,4.7,PERSEN,2020
164,32,JAWA BARAT,3201,KABUPATEN BOGOR,Td2,4.0,PERSEN,2020
165,32,JAWA BARAT,3201,KABUPATEN BOGOR,Td3,1.8,PERSEN,2020
166,32,JAWA BARAT,3201,KABUPATEN BOGOR,Td4,0.94,PERSEN,2020
167,32,JAWA BARAT,3201,KABUPATEN BOGOR,Td5,1.0,PERSEN,2020
168,32,JAWA BARAT,3201,KABUPATEN BOGOR,Td2+,0.0,PERSEN,2020
169,32,JAWA BARAT,3202,KABUPATEN SUKABUMI,Td1,4.2,PERSEN,2020
170,32,JAWA BARAT,3202,KABUPATEN SUKABUMI,Td2,3.8,PERSEN,2020
171,32,JAWA BARAT,3202,KABUPATEN SUKABUMI,Td3,1.9,PERSEN,2020
172,32,JAWA BARAT,3202,KABUPATEN SUKABUMI,Td4,1.01,PERSEN,2020
173,32,JAWA BARAT,3202,KABUPATEN SUKABUMI,Td5,1.0,PERSEN,2020
174,32,JAWA BARAT,3202,KABUPATEN SUKABUMI,Td2+,0.0,PERSEN,2020
175,32,JAWA BARAT,3203,KABUPATEN CIANJUR,Td1,0.0,PERSEN,2020
176,32,JAWA BARAT,3203,KABUPATEN CIANJUR,Td2,0.0,PERSEN,2020
177,32,JAWA BARAT,3203,KABUPATEN CIANJUR,Td3,0.0,PERSEN,2020
178,32,JAWA BARAT,3203,KABUPATEN CIANJUR,Td4,0.0,PERSEN,2020
179,32,JAWA BARAT,3203,KABUPATEN CIANJUR,Td5,0.0,PERSEN,2020
180,32,JAWA BARAT,3203,KABUPATEN CIANJUR,Td2+,0.0,PERSEN,2020
181,32,JAWA BARAT,3204,KABUPATEN BANDUNG,Td1,2.1,PERSEN,2020
182,32,JAWA BARAT,3204,KABUPATEN BANDUNG,Td2,2.2,PERSEN,2020
183,32,JAWA BARAT,3204,KABUPATEN BANDUNG,Td3,2.0,PERSEN,2020
184,32,JAWA BARAT,3204,KABUPATEN BANDUNG,Td4,1.61,PERSEN,2020
185,32,JAWA BARAT,3204,KABUPATEN BANDUNG,Td5,1.0,PERSEN,2020
186,32,JAWA BARAT,3204,KABUPATEN BANDUNG,Td2+,0.0,PERSEN,2020
187,32,JAWA BARAT,3205,KABUPATEN GARUT,Td1,0.0,PERSEN,2020
188,32,JAWA BARAT,3205,KABUPATEN GARUT,Td2,0.0,PERSEN,2020
189,32,JAWA BARAT,3205,KABUPATEN GARUT,Td3,0.0,PERSEN,2020
190,32,JAWA BARAT,3205,KABUPATEN GARUT,Td4,0.0,PERSEN,2020
191,32,JAWA BARAT,3205,KABUPATEN GARUT,Td5,0.0,PERSEN,2020
192,32,JAWA BARAT,3205,KABUPATEN GARUT,Td2+,0.0,PERSEN,2020
193,32,JAWA BARAT,3206,KABUPATEN TASIKMALAYA,Td1,9.5,PERSEN,2020
194,32,JAWA BARAT,3206,KABUPATEN TASIKMALAYA,Td2,8.1,PERSEN,2020
195,32,JAWA BARAT,3206,KABUPATEN TASIKMALAYA,Td3,1.3,PERSEN,2020
196,32,JAWA BARAT,3206,KABUPATEN TASIKMALAYA,Td4,0.73,PERSEN,2020
197,32,JAWA BARAT,3206,KABUPATEN TASIKMALAYA,Td5,0.41,PERSEN,2020
198,32,JAWA BARAT,3206,KABUPATEN TASIKMALAYA,Td2+,0.0,PERSEN,2020
199,32,JAWA BARAT,3207,KABUPATEN CIAMIS,Td1,0.0,PERSEN,2020
200,32,JAWA BARAT,3207,KABUPATEN CIAMIS,Td2,0.0,PERSEN,2020
201,32,JAWA BARAT,3207,KABUPATEN CIAMIS,Td3,0.0,PERSEN,2020
202,32,JAWA BARAT,3207,KABUPATEN CIAMIS,Td4,0.0,PERSEN,2020
203,32,JAWA BARAT,3207,KABUPATEN CIAMIS,Td5,0.0,PERSEN,2020
204,32,JAWA BARAT,3207,KABUPATEN CIAMIS,Td2+,0.0,PERSEN,2020
205,32,JAWA BARAT,3208,KABUPATEN KUNINGAN,Td1,3.2,PERSEN,2020
206,32,JAWA BARAT,3208,KABUPATEN KUNINGAN,Td2,3.3,PERSEN,2020
207,32,JAWA BARAT,3208,KABUPATEN KUNINGAN,Td3,3.4,PERSEN,2020
208,32,JAWA BARAT,3208,KABUPATEN KUNINGAN,Td4,1.81,PERSEN,2020
209,32,JAWA BARAT,3208,KABUPATEN KUNINGAN,Td5,1.0,PERSEN,2020
210,32,JAWA BARAT,3208,KABUPATEN KUNINGAN,Td2+,0.0,PERSEN,2020
211,32,JAWA BARAT,3209,KABUPATEN CIREBON,Td1,7.0,PERSEN,2020
212,32,JAWA BARAT,3209,KABUPATEN CIREBON,Td2,6.4,PERSEN,2020
213,32,JAWA BARAT,3209,KABUPATEN CIREBON,Td3,2.7,PERSEN,2020
214,32,JAWA BARAT,3209,KABUPATEN CIREBON,Td4,1.33,PERSEN,2020
215,32,JAWA BARAT,3209,KABUPATEN CIREBON,Td5,0.6,PERSEN,2020
216,32,JAWA BARAT,3209,KABUPATEN CIREBON,Td2+,0.0,PERSEN,2020
217,32,JAWA BARAT,3210,KABUPATEN MAJALENGKA,Td1,0.0,PERSEN,2020
218,32,JAWA BARAT,3210,KABUPATEN MAJALENGKA,Td2,0.0,PERSEN,2020
219,32,JAWA BARAT,3210,KABUPATEN MAJALENGKA,Td3,0.0,PERSEN,2020
220,32,JAWA BARAT,3210,KABUPATEN MAJALENGKA,Td4,0.0,PERSEN,2020
221,32,JAWA BARAT,3210,KABUPATEN MAJALENGKA,Td5,0.0,PERSEN,2020
222,32,JAWA BARAT,3210,KABUPATEN MAJALENGKA,Td2+,0.0,PERSEN,2020
223,32,JAWA BARAT,3211,KABUPATEN SUMEDANG,Td1,0.0,PERSEN,2020
224,32,JAWA BARAT,3211,KABUPATEN SUMEDANG,Td2,0.0,PERSEN,2020
225,32,JAWA BARAT,3211,KABUPATEN SUMEDANG,Td3,0.0,PERSEN,2020
226,32,JAWA BARAT,3211,KABUPATEN SUMEDANG,Td4,0.0,PERSEN,2020
227,32,JAWA BARAT,3211,KABUPATEN SUMEDANG,Td5,0.0,PERSEN,2020
228,32,JAWA BARAT,3211,KABUPATEN SUMEDANG,Td2+,0.0,PERSEN,2020
229,32,JAWA BARAT,3212,KABUPATEN INDRAMAYU,Td1,8.3,PERSEN,2020
230,32,JAWA BARAT,3212,KABUPATEN INDRAMAYU,Td2,7.6,PERSEN,2020
231,32,JAWA BARAT,3212,KABUPATEN INDRAMAYU,Td3,1.3,PERSEN,2020
232,32,JAWA BARAT,3212,KABUPATEN INDRAMAYU,Td4,0.76,PERSEN,2020
233,32,JAWA BARAT,3212,KABUPATEN INDRAMAYU,Td5,0.8,PERSEN,2020
234,32,JAWA BARAT,3212,KABUPATEN INDRAMAYU,Td2+,0.0,PERSEN,2020
235,32,JAWA BARAT,3213,KABUPATEN SUBANG,Td1,8.0,PERSEN,2020
236,32,JAWA BARAT,3213,KABUPATEN SUBANG,Td2,7.4,PERSEN,2020
237,32,JAWA BARAT,3213,KABUPATEN SUBANG,Td3,2.4,PERSEN,2020
238,32,JAWA BARAT,3213,KABUPATEN SUBANG,Td4,1.16,PERSEN,2020
239,32,JAWA BARAT,3213,KABUPATEN SUBANG,Td5,0.7,PERSEN,2020
240,32,JAWA BARAT,3213,KABUPATEN SUBANG,Td2+,0.0,PERSEN,2020
241,32,JAWA BARAT,3214,KABUPATEN PURWAKARTA,Td1,0.0,PERSEN,2020
242,32,JAWA BARAT,3214,KABUPATEN PURWAKARTA,Td2,0.0,PERSEN,2020
243,32,JAWA BARAT,3214,KABUPATEN PURWAKARTA,Td3,0.0,PERSEN,2020
244,32,JAWA BARAT,3214,KABUPATEN PURWAKARTA,Td4,0.0,PERSEN,2020
245,32,JAWA BARAT,3214,KABUPATEN PURWAKARTA,Td5,0.0,PERSEN,2020
246,32,JAWA BARAT,3214,KABUPATEN PURWAKARTA,Td2+,0.0,PERSEN,2020
247,32,JAWA BARAT,3215,KABUPATEN KARAWANG,Td1,0.0,PERSEN,2020
248,32,JAWA BARAT,3215,KABUPATEN KARAWANG,Td2,0.0,PERSEN,2020
249,32,JAWA BARAT,3215,KABUPATEN KARAWANG,Td3,0.0,PERSEN,2020
250,32,JAWA BARAT,3215,KABUPATEN KARAWANG,Td4,0.0,PERSEN,2020
251,32,JAWA BARAT,3215,KABUPATEN KARAWANG,Td5,0.0,PERSEN,2020
252,32,JAWA BARAT,3215,KABUPATEN KARAWANG,Td2+,0.0,PERSEN,2020
253,32,JAWA BARAT,3216,KABUPATEN BEKASI,Td1,7.7,PERSEN,2020
254,32,JAWA BARAT,3216,KABUPATEN BEKASI,Td2,7.1,PERSEN,2020
255,32,JAWA BARAT,3216,KABUPATEN BEKASI,Td3,1.9,PERSEN,2020
256,32,JAWA BARAT,3216,KABUPATEN BEKASI,Td4,1.23,PERSEN,2020
257,32,JAWA BARAT,3216,KABUPATEN BEKASI,Td5,1.0,PERSEN,2020
258,32,JAWA BARAT,3216,KABUPATEN BEKASI,Td2+,0.0,PERSEN,2020
259,32,JAWA BARAT,3217,KABUPATEN BANDUNG BARAT,Td1,0.0,PERSEN,2020
260,32,JAWA BARAT,3217,KABUPATEN BANDUNG BARAT,Td2,0.0,PERSEN,2020
261,32,JAWA BARAT,3217,KABUPATEN BANDUNG BARAT,Td3,0.0,PERSEN,2020
262,32,JAWA BARAT,3217,KABUPATEN BANDUNG BARAT,Td4,0.0,PERSEN,2020
263,32,JAWA BARAT,3217,KABUPATEN BANDUNG BARAT,Td5,0.0,PERSEN,2020
264,32,JAWA BARAT,3217,KABUPATEN BANDUNG BARAT,Td2+,0.0,PERSEN,2020
265,32,JAWA BARAT,3218,KABUPATEN PANGANDARAN,Td1,0.0,PERSEN,2020
266,32,JAWA BARAT,3218,KABUPATEN PANGANDARAN,Td2,0.0,PERSEN,2020
267,32,JAWA BARAT,3218,KABUPATEN PANGANDARAN,Td3,0.0,PERSEN,2020
268,32,JAWA BARAT,3218,KABUPATEN PANGANDARAN,Td4,0.0,PERSEN,2020
269,32,JAWA BARAT,3218,KABUPATEN PANGANDARAN,Td5,0.0,PERSEN,2020
270,32,JAWA BARAT,3218,KABUPATEN PANGANDARAN,Td2+,0.0,PERSEN,2020
271,32,JAWA BARAT,3271,KOTA BOGOR,Td1,3.1,PERSEN,2020
272,32,JAWA BARAT,3271,KOTA BOGOR,Td2,2.5,PERSEN,2020
273,32,JAWA BARAT,3271,KOTA BOGOR,Td3,1.2,PERSEN,2020
274,32,JAWA BARAT,3271,KOTA BOGOR,Td4,0.98,PERSEN,2020
275,32,JAWA BARAT,3271,KOTA BOGOR,Td5,1.0,PERSEN,2020
276,32,JAWA BARAT,3271,KOTA BOGOR,Td2+,0.0,PERSEN,2020
277,32,JAWA BARAT,3272,KOTA SUKABUMI,Td1,0.7,PERSEN,2020
278,32,JAWA BARAT,3272,KOTA SUKABUMI,Td2,0.0,PERSEN,2020
279,32,JAWA BARAT,3272,KOTA SUKABUMI,Td3,0.0,PERSEN,2020
280,32,JAWA BARAT,3272,KOTA SUKABUMI,Td4,0.0,PERSEN,2020
281,32,JAWA BARAT,3272,KOTA SUKABUMI,Td5,0.0,PERSEN,2020
282,32,JAWA BARAT,3272,KOTA SUKABUMI,Td2+,0.0,PERSEN,2020
283,32,JAWA BARAT,3273,KOTA BANDUNG,Td1,0.0,PERSEN,2020
284,32,JAWA BARAT,3273,KOTA BANDUNG,Td2,0.0,PERSEN,2020
285,32,JAWA BARAT,3273,KOTA BANDUNG,Td3,0.0,PERSEN,2020
286,32,JAWA BARAT,3273,KOTA BANDUNG,Td4,0.0,PERSEN,2020
287,32,JAWA BARAT,3273,KOTA BANDUNG,Td5,0.0,PERSEN,2020
288,32,JAWA BARAT,3273,KOTA BANDUNG,Td2+,0.0,PERSEN,2020
289,32,JAWA BARAT,3274,KOTA CIREBON,Td1,0.0,PERSEN,2020
290,32,JAWA BARAT,3274,KOTA CIREBON,Td2,0.0,PERSEN,2020
291,32,JAWA BARAT,3274,KOTA CIREBON,Td3,0.0,PERSEN,2020
292,32,JAWA BARAT,3274,KOTA CIREBON,Td4,0.0,PERSEN,2020
293,32,JAWA BARAT,3274,KOTA CIREBON,Td5,0.0,PERSEN,2020
294,32,JAWA BARAT,3274,KOTA CIREBON,Td2+,0.0,PERSEN,2020
295,32,JAWA BARAT,3275,KOTA BEKASI,Td1,3.4,PERSEN,2020
296,32,JAWA BARAT,3275,KOTA BEKASI,Td2,3.1,PERSEN,2020
297,32,JAWA BARAT,3275,KOTA BEKASI,Td3,1.8,PERSEN,2020
298,32,JAWA BARAT,3275,KOTA BEKASI,Td4,1.27,PERSEN,2020
299,32,JAWA BARAT,3275,KOTA BEKASI,Td5,0.07,PERSEN,2020
300,32,JAWA BARAT,3275,KOTA BEKASI,Td2+,0.0,PERSEN,2020
301,32,JAWA BARAT,3276,KOTA DEPOK,Td1,7.1,PERSEN,2020
302,32,JAWA BARAT,3276,KOTA DEPOK,Td2,6.3,PERSEN,2020
303,32,JAWA BARAT,3276,KOTA DEPOK,Td3,2.2,PERSEN,2020
304,32,JAWA BARAT,3276,KOTA DEPOK,Td4,1.69,PERSEN,2020
305,32,JAWA BARAT,3276,KOTA DEPOK,Td5,1.0,PERSEN,2020
306,32,JAWA BARAT,3276,KOTA DEPOK,Td2+,0.0,PERSEN,2020
307,32,JAWA BARAT,3277,KOTA CIMAHI,Td1,0.0,PERSEN,2020
308,32,JAWA BARAT,3277,KOTA CIMAHI,Td2,0.0,PERSEN,2020
309,32,JAWA BARAT,3277,KOTA CIMAHI,Td3,0.0,PERSEN,2020
310,32,JAWA BARAT,3277,KOTA CIMAHI,Td4,0.0,PERSEN,2020
311,32,JAWA BARAT,3277,KOTA CIMAHI,Td5,0.0,PERSEN,2020
312,32,JAWA BARAT,3277,KOTA CIMAHI,Td2+,0.0,PERSEN,2020
313,32,JAWA BARAT,3278,KOTA TASIKMALAYA,Td1,0.0,PERSEN,2020
314,32,JAWA BARAT,3278,KOTA TASIKMALAYA,Td2,0.0,PERSEN,2020
315,32,JAWA BARAT,3278,KOTA TASIKMALAYA,Td3,0.0,PERSEN,2020
316,32,JAWA BARAT,3278,KOTA TASIKMALAYA,Td4,0.0,PERSEN,2020
317,32,JAWA BARAT,3278,KOTA TASIKMALAYA,Td5,0.0,PERSEN,2020
318,32,JAWA BARAT,3278,KOTA TASIKMALAYA,Td2+,0.0,PERSEN,2020
319,32,JAWA BARAT,3279,KOTA BANJAR,Td1,4.8,PERSEN,2020
320,32,JAWA BARAT,3279,KOTA BANJAR,Td2,4.1,PERSEN,2020
321,32,JAWA BARAT,3279,KOTA BANJAR,Td3,1.7,PERSEN,2020
322,32,JAWA BARAT,3279,KOTA BANJAR,Td4,0.86,PERSEN,2020
323,32,JAWA BARAT,3279,KOTA BANJAR,Td5,1.0,PERSEN,2020
324,32,JAWA BARAT,3279,KOTA BANJAR,Td2+,0.0,PERSEN,2020
325,32,JAWA BARAT,3201,KABUPATEN BOGOR,Td1,3.6,PERSEN,2021
326,32,JAWA BARAT,3201,KABUPATEN BOGOR,Td2,3.1,PERSEN,2021
327,32,JAWA BARAT,3201,KABUPATEN BOGOR,Td3,1.4,PERSEN,2021
328,32,JAWA BARAT,3201,KABUPATEN BOGOR,Td4,0.72,PERSEN,2021
329,32,JAWA BARAT,3201,KABUPATEN BOGOR,Td5,0.0,PERSEN,2021
330,32,JAWA BARAT,3201,KABUPATEN BOGOR,Td2+,0.0,PERSEN,2021
331,32,JAWA BARAT,3202,KABUPATEN SUKABUMI,Td1,22.1,PERSEN,2021
332,32,JAWA BARAT,3202,KABUPATEN SUKABUMI,Td2,2.6,PERSEN,2021
333,32,JAWA BARAT,3202,KABUPATEN SUKABUMI,Td3,4.48,PERSEN,2021
334,32,JAWA BARAT,3202,KABUPATEN SUKABUMI,Td4,6.0,PERSEN,2021
335,32,JAWA BARAT,3202,KABUPATEN SUKABUMI,Td5,7.02,PERSEN,2021
336,32,JAWA BARAT,3202,KABUPATEN SUKABUMI,Td2+,0.0,PERSEN,2021
337,32,JAWA BARAT,3203,KABUPATEN CIANJUR,Td1,0.0,PERSEN,2021
338,32,JAWA BARAT,3203,KABUPATEN CIANJUR,Td2,0.0,PERSEN,2021
339,32,JAWA BARAT,3203,KABUPATEN CIANJUR,Td3,0.0,PERSEN,2021
340,32,JAWA BARAT,3203,KABUPATEN CIANJUR,Td4,0.0,PERSEN,2021
341,32,JAWA BARAT,3203,KABUPATEN CIANJUR,Td5,0.0,PERSEN,2021
342,32,JAWA BARAT,3203,KABUPATEN CIANJUR,Td2+,0.0,PERSEN,2021
343,32,JAWA BARAT,3204,KABUPATEN BANDUNG,Td1,1.7,PERSEN,2021
344,32,JAWA BARAT,3204,KABUPATEN BANDUNG,Td2,1.8,PERSEN,2021
345,32,JAWA BARAT,3204,KABUPATEN BANDUNG,Td3,1.5,PERSEN,2021
346,32,JAWA BARAT,3204,KABUPATEN BANDUNG,Td4,1.07,PERSEN,2021
347,32,JAWA BARAT,3204,KABUPATEN BANDUNG,Td5,1.03,PERSEN,2021
348,32,JAWA BARAT,3204,KABUPATEN BANDUNG,Td2+,0.0,PERSEN,2021
349,32,JAWA BARAT,3205,KABUPATEN GARUT,Td1,3.1,PERSEN,2021
350,32,JAWA BARAT,3205,KABUPATEN GARUT,Td2,2.7,PERSEN,2021
351,32,JAWA BARAT,3205,KABUPATEN GARUT,Td3,1.3,PERSEN,2021
352,32,JAWA BARAT,3205,KABUPATEN GARUT,Td4,0.91,PERSEN,2021
353,32,JAWA BARAT,3205,KABUPATEN GARUT,Td5,1.0,PERSEN,2021
354,32,JAWA BARAT,3205,KABUPATEN GARUT,Td2+,0.0,PERSEN,2021
355,32,JAWA BARAT,3206,KABUPATEN TASIKMALAYA,Td1,60.9,PERSEN,2021
356,32,JAWA BARAT,3206,KABUPATEN TASIKMALAYA,Td2,53.7,PERSEN,2021
357,32,JAWA BARAT,3206,KABUPATEN TASIKMALAYA,Td3,12.56,PERSEN,2021
358,32,JAWA BARAT,3206,KABUPATEN TASIKMALAYA,Td4,5.49,PERSEN,2021
359,32,JAWA BARAT,3206,KABUPATEN TASIKMALAYA,Td5,3.51,PERSEN,2021
360,32,JAWA BARAT,3206,KABUPATEN TASIKMALAYA,Td2+,0.0,PERSEN,2021
361,32,JAWA BARAT,3207,KABUPATEN CIAMIS,Td1,2.5,PERSEN,2021
362,32,JAWA BARAT,3207,KABUPATEN CIAMIS,Td2,1.9,PERSEN,2021
363,32,JAWA BARAT,3207,KABUPATEN CIAMIS,Td3,2.0,PERSEN,2021
364,32,JAWA BARAT,3207,KABUPATEN CIAMIS,Td4,1.01,PERSEN,2021
365,32,JAWA BARAT,3207,KABUPATEN CIAMIS,Td5,1.0,PERSEN,2021
366,32,JAWA BARAT,3207,KABUPATEN CIAMIS,Td2+,0.0,PERSEN,2021
367,32,JAWA BARAT,3208,KABUPATEN KUNINGAN,Td1,2.2,PERSEN,2021
368,32,JAWA BARAT,3208,KABUPATEN KUNINGAN,Td2,1.9,PERSEN,2021
369,32,JAWA BARAT,3208,KABUPATEN KUNINGAN,Td3,1.7,PERSEN,2021
370,32,JAWA BARAT,3208,KABUPATEN KUNINGAN,Td4,0.88,PERSEN,2021
371,32,JAWA BARAT,3208,KABUPATEN KUNINGAN,Td5,0.0,PERSEN,2021
372,32,JAWA BARAT,3208,KABUPATEN KUNINGAN,Td2+,0.0,PERSEN,2021
373,32,JAWA BARAT,3209,KABUPATEN CIREBON,Td1,5.1,PERSEN,2021
374,32,JAWA BARAT,3209,KABUPATEN CIREBON,Td2,4.7,PERSEN,2021
375,32,JAWA BARAT,3209,KABUPATEN CIREBON,Td3,2.0,PERSEN,2021
376,32,JAWA BARAT,3209,KABUPATEN CIREBON,Td4,0.98,PERSEN,2021
377,32,JAWA BARAT,3209,KABUPATEN CIREBON,Td5,0.4,PERSEN,2021
378,32,JAWA BARAT,3209,KABUPATEN CIREBON,Td2+,0.0,PERSEN,2021
379,32,JAWA BARAT,3210,KABUPATEN MAJALENGKA,Td1,0.0,PERSEN,2021
380,32,JAWA BARAT,3210,KABUPATEN MAJALENGKA,Td2,0.0,PERSEN,2021
381,32,JAWA BARAT,3210,KABUPATEN MAJALENGKA,Td3,0.0,PERSEN,2021
382,32,JAWA BARAT,3210,KABUPATEN MAJALENGKA,Td4,0.0,PERSEN,2021
383,32,JAWA BARAT,3210,KABUPATEN MAJALENGKA,Td5,0.0,PERSEN,2021
384,32,JAWA BARAT,3210,KABUPATEN MAJALENGKA,Td2+,0.0,PERSEN,2021
385,32,JAWA BARAT,3211,KABUPATEN SUMEDANG,Td1,6.1,PERSEN,2021
386,32,JAWA BARAT,3211,KABUPATEN SUMEDANG,Td2,5.4,PERSEN,2021
387,32,JAWA BARAT,3211,KABUPATEN SUMEDANG,Td3,9.38,PERSEN,2021
388,32,JAWA BARAT,3211,KABUPATEN SUMEDANG,Td4,0.3,PERSEN,2021
389,32,JAWA BARAT,3211,KABUPATEN SUMEDANG,Td5,0.2,PERSEN,2021
390,32,JAWA BARAT,3211,KABUPATEN SUMEDANG,Td2+,0.0,PERSEN,2021
391,32,JAWA BARAT,3212,KABUPATEN INDRAMAYU,Td1,5.7,PERSEN,2021
392,32,JAWA BARAT,3212,KABUPATEN INDRAMAYU,Td2,5.2,PERSEN,2021
393,32,JAWA BARAT,3212,KABUPATEN INDRAMAYU,Td3,0.9,PERSEN,2021
394,32,JAWA BARAT,3212,KABUPATEN INDRAMAYU,Td4,0.52,PERSEN,2021
395,32,JAWA BARAT,3212,KABUPATEN INDRAMAYU,Td5,0.5,PERSEN,2021
396,32,JAWA BARAT,3212,KABUPATEN INDRAMAYU,Td2+,0.0,PERSEN,2021
397,32,JAWA BARAT,3213,KABUPATEN SUBANG,Td1,6.4,PERSEN,2021
398,32,JAWA BARAT,3213,KABUPATEN SUBANG,Td2,5.8,PERSEN,2021
399,32,JAWA BARAT,3213,KABUPATEN SUBANG,Td3,4.48,PERSEN,2021
400,32,JAWA BARAT,3213,KABUPATEN SUBANG,Td4,1.01,PERSEN,2021
401,32,JAWA BARAT,3213,KABUPATEN SUBANG,Td5,0.7,PERSEN,2021
402,32,JAWA BARAT,3213,KABUPATEN SUBANG,Td2+,0.0,PERSEN,2021
403,32,JAWA BARAT,3214,KABUPATEN PURWAKARTA,Td1,36.1,PERSEN,2021
404,32,JAWA BARAT,3214,KABUPATEN PURWAKARTA,Td2,32.2,PERSEN,2021
405,32,JAWA BARAT,3214,KABUPATEN PURWAKARTA,Td3,26.0,PERSEN,2021
406,32,JAWA BARAT,3214,KABUPATEN PURWAKARTA,Td4,12.6,PERSEN,2021
407,32,JAWA BARAT,3214,KABUPATEN PURWAKARTA,Td5,7.9,PERSEN,2021
408,32,JAWA BARAT,3214,KABUPATEN PURWAKARTA,Td2+,0.0,PERSEN,2021
409,32,JAWA BARAT,3215,KABUPATEN KARAWANG,Td1,2.7,PERSEN,2021
410,32,JAWA BARAT,3215,KABUPATEN KARAWANG,Td2,2.6,PERSEN,2021
411,32,JAWA BARAT,3215,KABUPATEN KARAWANG,Td3,1.8,PERSEN,2021
412,32,JAWA BARAT,3215,KABUPATEN KARAWANG,Td4,0.96,PERSEN,2021
413,32,JAWA BARAT,3215,KABUPATEN KARAWANG,Td5,1.0,PERSEN,2021
414,32,JAWA BARAT,3215,KABUPATEN KARAWANG,Td2+,0.0,PERSEN,2021
415,32,JAWA BARAT,3216,KABUPATEN BEKASI,Td1,4.74,PERSEN,2021
416,32,JAWA BARAT,3216,KABUPATEN BEKASI,Td2,1.56,PERSEN,2021
417,32,JAWA BARAT,3216,KABUPATEN BEKASI,Td3,1.11,PERSEN,2021
418,32,JAWA BARAT,3216,KABUPATEN BEKASI,Td4,0.81,PERSEN,2021
419,32,JAWA BARAT,3216,KABUPATEN BEKASI,Td5,0.89,PERSEN,2021
420,32,JAWA BARAT,3216,KABUPATEN BEKASI,Td2+,0.0,PERSEN,2021
421,32,JAWA BARAT,3217,KABUPATEN BANDUNG BARAT,Td1,2.3,PERSEN,2021
422,32,JAWA BARAT,3217,KABUPATEN BANDUNG BARAT,Td2,1.9,PERSEN,2021
423,32,JAWA BARAT,3217,KABUPATEN BANDUNG BARAT,Td3,1.3,PERSEN,2021
424,32,JAWA BARAT,3217,KABUPATEN BANDUNG BARAT,Td4,0.7,PERSEN,2021
425,32,JAWA BARAT,3217,KABUPATEN BANDUNG BARAT,Td5,0.0,PERSEN,2021
426,32,JAWA BARAT,3217,KABUPATEN BANDUNG BARAT,Td2+,0.0,PERSEN,2021
427,32,JAWA BARAT,3218,KABUPATEN PANGANDARAN,Td1,2.7,PERSEN,2021
428,32,JAWA BARAT,3218,KABUPATEN PANGANDARAN,Td2,2.3,PERSEN,2021
429,32,JAWA BARAT,3218,KABUPATEN PANGANDARAN,Td3,1.7,PERSEN,2021
430,32,JAWA BARAT,3218,KABUPATEN PANGANDARAN,Td4,1.03,PERSEN,2021
431,32,JAWA BARAT,3218,KABUPATEN PANGANDARAN,Td5,1.0,PERSEN,2021
432,32,JAWA BARAT,3218,KABUPATEN PANGANDARAN,Td2+,0.0,PERSEN,2021
433,32,JAWA BARAT,3271,KOTA BOGOR,Td1,1.3,PERSEN,2021
434,32,JAWA BARAT,3271,KOTA BOGOR,Td2,0.9,PERSEN,2021
435,32,JAWA BARAT,3271,KOTA BOGOR,Td3,0.5,PERSEN,2021
436,32,JAWA BARAT,3271,KOTA BOGOR,Td4,2.01,PERSEN,2021
437,32,JAWA BARAT,3271,KOTA BOGOR,Td5,2.08,PERSEN,2021
438,32,JAWA BARAT,3271,KOTA BOGOR,Td2+,0.0,PERSEN,2021
439,32,JAWA BARAT,3272,KOTA SUKABUMI,Td1,0.6,PERSEN,2021
440,32,JAWA BARAT,3272,KOTA SUKABUMI,Td2,0.84,PERSEN,2021
441,32,JAWA BARAT,3272,KOTA SUKABUMI,Td3,1.1,PERSEN,2021
442,32,JAWA BARAT,3272,KOTA SUKABUMI,Td4,0.64,PERSEN,2021
443,32,JAWA BARAT,3272,KOTA SUKABUMI,Td5,7.07,PERSEN,2021
444,32,JAWA BARAT,3272,KOTA SUKABUMI,Td2+,0.0,PERSEN,2021
445,32,JAWA BARAT,3273,KOTA BANDUNG,Td1,0.0,PERSEN,2021
446,32,JAWA BARAT,3273,KOTA BANDUNG,Td2,0.0,PERSEN,2021
447,32,JAWA BARAT,3273,KOTA BANDUNG,Td3,0.0,PERSEN,2021
448,32,JAWA BARAT,3273,KOTA BANDUNG,Td4,0.0,PERSEN,2021
449,32,JAWA BARAT,3273,KOTA BANDUNG,Td5,0.0,PERSEN,2021
450,32,JAWA BARAT,3273,KOTA BANDUNG,Td2+,0.0,PERSEN,2021
451,32,JAWA BARAT,3274,KOTA CIREBON,Td1,0.0,PERSEN,2021
452,32,JAWA BARAT,3274,KOTA CIREBON,Td2,0.0,PERSEN,2021
453,32,JAWA BARAT,3274,KOTA CIREBON,Td3,0.0,PERSEN,2021
454,32,JAWA BARAT,3274,KOTA CIREBON,Td4,0.0,PERSEN,2021
455,32,JAWA BARAT,3274,KOTA CIREBON,Td5,0.0,PERSEN,2021
456,32,JAWA BARAT,3274,KOTA CIREBON,Td2+,0.0,PERSEN,2021
457,32,JAWA BARAT,3275,KOTA BEKASI,Td1,9.39,PERSEN,2021
458,32,JAWA BARAT,3275,KOTA BEKASI,Td2,3.14,PERSEN,2021
459,32,JAWA BARAT,3275,KOTA BEKASI,Td3,1.8,PERSEN,2021
460,32,JAWA BARAT,3275,KOTA BEKASI,Td4,1.27,PERSEN,2021
461,32,JAWA BARAT,3275,KOTA BEKASI,Td5,0.9,PERSEN,2021
462,32,JAWA BARAT,3275,KOTA BEKASI,Td2+,0.0,PERSEN,2021
463,32,JAWA BARAT,3276,KOTA DEPOK,Td1,7.12,PERSEN,2021
464,32,JAWA BARAT,3276,KOTA DEPOK,Td2,10.18,PERSEN,2021
465,32,JAWA BARAT,3276,KOTA DEPOK,Td3,4.6,PERSEN,2021
466,32,JAWA BARAT,3276,KOTA DEPOK,Td4,1.4,PERSEN,2021
467,32,JAWA BARAT,3276,KOTA DEPOK,Td5,3.0,PERSEN,2021
468,32,JAWA BARAT,3276,KOTA DEPOK,Td2+,0.0,PERSEN,2021
469,32,JAWA BARAT,3277,KOTA CIMAHI,Td1,3.6,PERSEN,2021
470,32,JAWA BARAT,3277,KOTA CIMAHI,Td2,3.4,PERSEN,2021
471,32,JAWA BARAT,3277,KOTA CIMAHI,Td3,2.06,PERSEN,2021
472,32,JAWA BARAT,3277,KOTA CIMAHI,Td4,1.03,PERSEN,2021
473,32,JAWA BARAT,3277,KOTA CIMAHI,Td5,1.03,PERSEN,2021
474,32,JAWA BARAT,3277,KOTA CIMAHI,Td2+,0.0,PERSEN,2021
475,32,JAWA BARAT,3278,KOTA TASIKMALAYA,Td1,0.0,PERSEN,2021
476,32,JAWA BARAT,3278,KOTA TASIKMALAYA,Td2,0.0,PERSEN,2021
477,32,JAWA BARAT,3278,KOTA TASIKMALAYA,Td3,0.0,PERSEN,2021
478,32,JAWA BARAT,3278,KOTA TASIKMALAYA,Td4,0.0,PERSEN,2021
479,32,JAWA BARAT,3278,KOTA TASIKMALAYA,Td5,0.0,PERSEN,2021
480,32,JAWA BARAT,3278,KOTA TASIKMALAYA,Td2+,0.0,PERSEN,2021
481,32,JAWA BARAT,3279,KOTA BANJAR,Td1,3.9,PERSEN,2021
482,32,JAWA BARAT,3279,KOTA BANJAR,Td2,3.4,PERSEN,2021
483,32,JAWA BARAT,3279,KOTA BANJAR,Td3,1.5,PERSEN,2021
484,32,JAWA BARAT,3279,KOTA BANJAR,Td4,0.73,PERSEN,2021
485,32,JAWA BARAT,3279,KOTA BANJAR,Td5,8.0,PERSEN,2021
486,32,JAWA BARAT,3279,KOTA BANJAR,Td2+,0.0,PERSEN,2021
487,32,JAWA BARAT,3201,KABUPATEN BOGOR,Td1,5.0,PERSEN,2022
488,32,JAWA BARAT,3201,KABUPATEN BOGOR,Td2,4.3,PERSEN,2022
489,32,JAWA BARAT,3201,KABUPATEN BOGOR,Td3,2.0,PERSEN,2022
490,32,JAWA BARAT,3201,KABUPATEN BOGOR,Td4,1.1,PERSEN,2022
491,32,JAWA BARAT,3201,KABUPATEN BOGOR,Td5,0.7,PERSEN,2022
492,32,JAWA BARAT,3201,KABUPATEN BOGOR,Td2+,0.0,PERSEN,2022
493,32,JAWA BARAT,3202,KABUPATEN SUKABUMI,Td1,4.1,PERSEN,2022
494,32,JAWA BARAT,3202,KABUPATEN SUKABUMI,Td2,3.7,PERSEN,2022
495,32,JAWA BARAT,3202,KABUPATEN SUKABUMI,Td3,1.9,PERSEN,2022
496,32,JAWA BARAT,3202,KABUPATEN SUKABUMI,Td4,1.5,PERSEN,2022
497,32,JAWA BARAT,3202,KABUPATEN SUKABUMI,Td5,1.7,PERSEN,2022
498,32,JAWA BARAT,3202,KABUPATEN SUKABUMI,Td2+,0.0,PERSEN,2022
499,32,JAWA BARAT,3203,KABUPATEN CIANJUR,Td1,11.1,PERSEN,2022
500,32,JAWA BARAT,3203,KABUPATEN CIANJUR,Td2,10.3,PERSEN,2022
501,32,JAWA BARAT,3203,KABUPATEN CIANJUR,Td3,2.8,PERSEN,2022
502,32,JAWA BARAT,3203,KABUPATEN CIANJUR,Td4,1.4,PERSEN,2022
503,32,JAWA BARAT,3203,KABUPATEN CIANJUR,Td5,0.9,PERSEN,2022
504,32,JAWA BARAT,3203,KABUPATEN CIANJUR,Td2+,0.0,PERSEN,2022
505,32,JAWA BARAT,3204,KABUPATEN BANDUNG,Td1,2.4,PERSEN,2022
506,32,JAWA BARAT,3204,KABUPATEN BANDUNG,Td2,2.2,PERSEN,2022
507,32,JAWA BARAT,3204,KABUPATEN BANDUNG,Td3,1.8,PERSEN,2022
508,32,JAWA BARAT,3204,KABUPATEN BANDUNG,Td4,1.5,PERSEN,2022
509,32,JAWA BARAT,3204,KABUPATEN BANDUNG,Td5,1.3,PERSEN,2022
510,32,JAWA BARAT,3204,KABUPATEN BANDUNG,Td2+,0.0,PERSEN,2022
511,32,JAWA BARAT,3205,KABUPATEN GARUT,Td1,5.8,PERSEN,2022
512,32,JAWA BARAT,3205,KABUPATEN GARUT,Td2,5.2,PERSEN,2022
513,32,JAWA BARAT,3205,KABUPATEN GARUT,Td3,2.3,PERSEN,2022
514,32,JAWA BARAT,3205,KABUPATEN GARUT,Td4,1.4,PERSEN,2022
515,32,JAWA BARAT,3205,KABUPATEN GARUT,Td5,1.2,PERSEN,2022
516,32,JAWA BARAT,3205,KABUPATEN GARUT,Td2+,0.0,PERSEN,2022
517,32,JAWA BARAT,3206,KABUPATEN TASIKMALAYA,Td1,7.6,PERSEN,2022
518,32,JAWA BARAT,3206,KABUPATEN TASIKMALAYA,Td2,6.7,PERSEN,2022
519,32,JAWA BARAT,3206,KABUPATEN TASIKMALAYA,Td3,1.4,PERSEN,2022
520,32,JAWA BARAT,3206,KABUPATEN TASIKMALAYA,Td4,0.8,PERSEN,2022
521,32,JAWA BARAT,3206,KABUPATEN TASIKMALAYA,Td5,0.5,PERSEN,2022
522,32,JAWA BARAT,3206,KABUPATEN TASIKMALAYA,Td2+,0.0,PERSEN,2022
523,32,JAWA BARAT,3207,KABUPATEN CIAMIS,Td1,3.9,PERSEN,2022
524,32,JAWA BARAT,3207,KABUPATEN CIAMIS,Td2,3.2,PERSEN,2022
525,32,JAWA BARAT,3207,KABUPATEN CIAMIS,Td3,3.3,PERSEN,2022
526,32,JAWA BARAT,3207,KABUPATEN CIAMIS,Td4,1.8,PERSEN,2022
527,32,JAWA BARAT,3207,KABUPATEN CIAMIS,Td5,1.3,PERSEN,2022
528,32,JAWA BARAT,3207,KABUPATEN CIAMIS,Td2+,0.0,PERSEN,2022
529,32,JAWA BARAT,3208,KABUPATEN KUNINGAN,Td1,4.5,PERSEN,2022
530,32,JAWA BARAT,3208,KABUPATEN KUNINGAN,Td2,3.1,PERSEN,2022
531,32,JAWA BARAT,3208,KABUPATEN KUNINGAN,Td3,2.8,PERSEN,2022
532,32,JAWA BARAT,3208,KABUPATEN KUNINGAN,Td4,1.7,PERSEN,2022
533,32,JAWA BARAT,3208,KABUPATEN KUNINGAN,Td5,0.8,PERSEN,2022
534,32,JAWA BARAT,3208,KABUPATEN KUNINGAN,Td2+,0.0,PERSEN,2022
535,32,JAWA BARAT,3209,KABUPATEN CIREBON,Td1,6.9,PERSEN,2022
536,32,JAWA BARAT,3209,KABUPATEN CIREBON,Td2,6.4,PERSEN,2022
537,32,JAWA BARAT,3209,KABUPATEN CIREBON,Td3,2.8,PERSEN,2022
538,32,JAWA BARAT,3209,KABUPATEN CIREBON,Td4,1.3,PERSEN,2022
539,32,JAWA BARAT,3209,KABUPATEN CIREBON,Td5,0.6,PERSEN,2022
540,32,JAWA BARAT,3209,KABUPATEN CIREBON,Td2+,0.0,PERSEN,2022
541,32,JAWA BARAT,3210,KABUPATEN MAJALENGKA,Td1,4.8,PERSEN,2022
542,32,JAWA BARAT,3210,KABUPATEN MAJALENGKA,Td2,4.0,PERSEN,2022
543,32,JAWA BARAT,3210,KABUPATEN MAJALENGKA,Td3,2.9,PERSEN,2022
544,32,JAWA BARAT,3210,KABUPATEN MAJALENGKA,Td4,1.2,PERSEN,2022
545,32,JAWA BARAT,3210,KABUPATEN MAJALENGKA,Td5,0.6,PERSEN,2022
546,32,JAWA BARAT,3210,KABUPATEN MAJALENGKA,Td2+,0.0,PERSEN,2022
547,32,JAWA BARAT,3211,KABUPATEN SUMEDANG,Td1,8.4,PERSEN,2022
548,32,JAWA BARAT,3211,KABUPATEN SUMEDANG,Td2,7.3,PERSEN,2022
549,32,JAWA BARAT,3211,KABUPATEN SUMEDANG,Td3,0.7,PERSEN,2022
550,32,JAWA BARAT,3211,KABUPATEN SUMEDANG,Td4,0.3,PERSEN,2022
551,32,JAWA BARAT,3211,KABUPATEN SUMEDANG,Td5,0.2,PERSEN,2022
552,32,JAWA BARAT,3211,KABUPATEN SUMEDANG,Td2+,0.0,PERSEN,2022
553,32,JAWA BARAT,3212,KABUPATEN INDRAMAYU,Td1,6.0,PERSEN,2022
554,32,JAWA BARAT,3212,KABUPATEN INDRAMAYU,Td2,5.4,PERSEN,2022
555,32,JAWA BARAT,3212,KABUPATEN INDRAMAYU,Td3,1.0,PERSEN,2022
556,32,JAWA BARAT,3212,KABUPATEN INDRAMAYU,Td4,0.7,PERSEN,2022
557,32,JAWA BARAT,3212,KABUPATEN INDRAMAYU,Td5,0.8,PERSEN,2022
558,32,JAWA BARAT,3212,KABUPATEN INDRAMAYU,Td2+,0.0,PERSEN,2022
559,32,JAWA BARAT,3213,KABUPATEN SUBANG,Td1,16.3,PERSEN,2022
560,32,JAWA BARAT,3213,KABUPATEN SUBANG,Td2,13.3,PERSEN,2022
561,32,JAWA BARAT,3213,KABUPATEN SUBANG,Td3,8.9,PERSEN,2022
562,32,JAWA BARAT,3213,KABUPATEN SUBANG,Td4,5.9,PERSEN,2022
563,32,JAWA BARAT,3213,KABUPATEN SUBANG,Td5,4.6,PERSEN,2022
564,32,JAWA BARAT,3213,KABUPATEN SUBANG,Td2+,0.0,PERSEN,2022
565,32,JAWA BARAT,3214,KABUPATEN PURWAKARTA,Td1,4.4,PERSEN,2022
566,32,JAWA BARAT,3214,KABUPATEN PURWAKARTA,Td2,3.7,PERSEN,2022
567,32,JAWA BARAT,3214,KABUPATEN PURWAKARTA,Td3,2.5,PERSEN,2022
568,32,JAWA BARAT,3214,KABUPATEN PURWAKARTA,Td4,1.2,PERSEN,2022
569,32,JAWA BARAT,3214,KABUPATEN PURWAKARTA,Td5,0.6,PERSEN,2022
570,32,JAWA BARAT,3214,KABUPATEN PURWAKARTA,Td2+,0.0,PERSEN,2022
571,32,JAWA BARAT,3215,KABUPATEN KARAWANG,Td1,4.6,PERSEN,2022
572,32,JAWA BARAT,3215,KABUPATEN KARAWANG,Td2,4.2,PERSEN,2022
573,32,JAWA BARAT,3215,KABUPATEN KARAWANG,Td3,2.5,PERSEN,2022
574,32,JAWA BARAT,3215,KABUPATEN KARAWANG,Td4,1.5,PERSEN,2022
575,32,JAWA BARAT,3215,KABUPATEN KARAWANG,Td5,1.0,PERSEN,2022
576,32,JAWA BARAT,3215,KABUPATEN KARAWANG,Td2+,0.0,PERSEN,2022
577,32,JAWA BARAT,3216,KABUPATEN BEKASI,Td1,14.2,PERSEN,2022
578,32,JAWA BARAT,3216,KABUPATEN BEKASI,Td2,10.2,PERSEN,2022
579,32,JAWA BARAT,3216,KABUPATEN BEKASI,Td3,2.8,PERSEN,2022
580,32,JAWA BARAT,3216,KABUPATEN BEKASI,Td4,2.0,PERSEN,2022
581,32,JAWA BARAT,3216,KABUPATEN BEKASI,Td5,1.9,PERSEN,2022
582,32,JAWA BARAT,3216,KABUPATEN BEKASI,Td2+,0.0,PERSEN,2022
583,32,JAWA BARAT,3217,KABUPATEN BANDUNG BARAT,Td1,4.6,PERSEN,2022
584,32,JAWA BARAT,3217,KABUPATEN BANDUNG BARAT,Td2,3.9,PERSEN,2022
585,32,JAWA BARAT,3217,KABUPATEN BANDUNG BARAT,Td3,3.0,PERSEN,2022
586,32,JAWA BARAT,3217,KABUPATEN BANDUNG BARAT,Td4,1.9,PERSEN,2022
587,32,JAWA BARAT,3217,KABUPATEN BANDUNG BARAT,Td5,1.5,PERSEN,2022
588,32,JAWA BARAT,3217,KABUPATEN BANDUNG BARAT,Td2+,0.0,PERSEN,2022
589,32,JAWA BARAT,3218,KABUPATEN PANGANDARAN,Td1,7.5,PERSEN,2022
590,32,JAWA BARAT,3218,KABUPATEN PANGANDARAN,Td2,5.5,PERSEN,2022
591,32,JAWA BARAT,3218,KABUPATEN PANGANDARAN,Td3,2.8,PERSEN,2022
592,32,JAWA BARAT,3218,KABUPATEN PANGANDARAN,Td4,1.3,PERSEN,2022
593,32,JAWA BARAT,3218,KABUPATEN PANGANDARAN,Td5,0.9,PERSEN,2022
594,32,JAWA BARAT,3218,KABUPATEN PANGANDARAN,Td2+,0.0,PERSEN,2022
595,32,JAWA BARAT,3271,KOTA BOGOR,Td1,6.6,PERSEN,2022
596,32,JAWA BARAT,3271,KOTA BOGOR,Td2,4.9,PERSEN,2022
597,32,JAWA BARAT,3271,KOTA BOGOR,Td3,1.8,PERSEN,2022
598,32,JAWA BARAT,3271,KOTA BOGOR,Td4,1.2,PERSEN,2022
599,32,JAWA BARAT,3271,KOTA BOGOR,Td5,1.6,PERSEN,2022
600,32,JAWA BARAT,3271,KOTA BOGOR,Td2+,0.0,PERSEN,2022
601,32,JAWA BARAT,3272,KOTA SUKABUMI,Td1,6.7,PERSEN,2022
602,32,JAWA BARAT,3272,KOTA SUKABUMI,Td2,4.9,PERSEN,2022
603,32,JAWA BARAT,3272,KOTA SUKABUMI,Td3,2.2,PERSEN,2022
604,32,JAWA BARAT,3272,KOTA SUKABUMI,Td4,1.5,PERSEN,2022
605,32,JAWA BARAT,3272,KOTA SUKABUMI,Td5,0.7,PERSEN,2022
606,32,JAWA BARAT,3272,KOTA SUKABUMI,Td2+,0.0,PERSEN,2022
607,32,JAWA BARAT,3273,KOTA BANDUNG,Td1,3.2,PERSEN,2022
608,32,JAWA BARAT,3273,KOTA BANDUNG,Td2,2.6,PERSEN,2022
609,32,JAWA BARAT,3273,KOTA BANDUNG,Td3,1.5,PERSEN,2022
610,32,JAWA BARAT,3273,KOTA BANDUNG,Td4,1.2,PERSEN,2022
611,32,JAWA BARAT,3273,KOTA BANDUNG,Td5,1.0,PERSEN,2022
612,32,JAWA BARAT,3273,KOTA BANDUNG,Td2+,0.0,PERSEN,2022
613,32,JAWA BARAT,3274,KOTA CIREBON,Td1,2.4,PERSEN,2022
614,32,JAWA BARAT,3274,KOTA CIREBON,Td2,1.9,PERSEN,2022
615,32,JAWA BARAT,3274,KOTA CIREBON,Td3,2.3,PERSEN,2022
616,32,JAWA BARAT,3274,KOTA CIREBON,Td4,1.1,PERSEN,2022
617,32,JAWA BARAT,3274,KOTA CIREBON,Td5,1.2,PERSEN,2022
618,32,JAWA BARAT,3274,KOTA CIREBON,Td2+,0.0,PERSEN,2022
619,32,JAWA BARAT,3275,KOTA BEKASI,Td1,3.5,PERSEN,2022
620,32,JAWA BARAT,3275,KOTA BEKASI,Td2,2.8,PERSEN,2022
621,32,JAWA BARAT,3275,KOTA BEKASI,Td3,1.6,PERSEN,2022
622,32,JAWA BARAT,3275,KOTA BEKASI,Td4,1.0,PERSEN,2022
623,32,JAWA BARAT,3275,KOTA BEKASI,Td5,0.7,PERSEN,2022
624,32,JAWA BARAT,3275,KOTA BEKASI,Td2+,0.0,PERSEN,2022
625,32,JAWA BARAT,3276,KOTA DEPOK,Td1,4.8,PERSEN,2022
626,32,JAWA BARAT,3276,KOTA DEPOK,Td2,4.3,PERSEN,2022
627,32,JAWA BARAT,3276,KOTA DEPOK,Td3,2.5,PERSEN,2022
628,32,JAWA BARAT,3276,KOTA DEPOK,Td4,2.1,PERSEN,2022
629,32,JAWA BARAT,3276,KOTA DEPOK,Td5,1.9,PERSEN,2022
630,32,JAWA BARAT,3276,KOTA DEPOK,Td2+,0.0,PERSEN,2022
631,32,JAWA BARAT,3277,KOTA CIMAHI,Td1,4.3,PERSEN,2022
632,32,JAWA BARAT,3277,KOTA CIMAHI,Td2,4.3,PERSEN,2022
633,32,JAWA BARAT,3277,KOTA CIMAHI,Td3,0.9,PERSEN,2022
634,32,JAWA BARAT,3277,KOTA CIMAHI,Td4,0.3,PERSEN,2022
635,32,JAWA BARAT,3277,KOTA CIMAHI,Td5,0.2,PERSEN,2022
636,32,JAWA BARAT,3277,KOTA CIMAHI,Td2+,0.0,PERSEN,2022
637,32,JAWA BARAT,3278,KOTA TASIKMALAYA,Td1,6.0,PERSEN,2022
638,32,JAWA BARAT,3278,KOTA TASIKMALAYA,Td2,4.9,PERSEN,2022
639,32,JAWA BARAT,3278,KOTA TASIKMALAYA,Td3,2.3,PERSEN,2022
640,32,JAWA BARAT,3278,KOTA TASIKMALAYA,Td4,1.6,PERSEN,2022
641,32,JAWA BARAT,3278,KOTA TASIKMALAYA,Td5,1.0,PERSEN,2022
642,32,JAWA BARAT,3278,KOTA TASIKMALAYA,Td2+,0.0,PERSEN,2022
643,32,JAWA BARAT,3279,KOTA BANJAR,Td1,6.8,PERSEN,2022
644,32,JAWA BARAT,3279,KOTA BANJAR,Td2,6.3,PERSEN,2022
645,32,JAWA BARAT,3279,KOTA BANJAR,Td3,2.4,PERSEN,2022
646,32,JAWA BARAT,3279,KOTA BANJAR,Td4,1.2,PERSEN,2022
647,32,JAWA BARAT,3279,KOTA BANJAR,Td5,0.9,PERSEN,2022
648,32,JAWA BARAT,3279,KOTA BANJAR,Td2+,0.0,PERSEN,2022
649,32,JAWA BARAT,3201,KABUPATEN BOGOR,Td1,2.2,PERSEN,2023
650,32,JAWA BARAT,3201,KABUPATEN BOGOR,Td2,1.78,PERSEN,2023
651,32,JAWA BARAT,3201,KABUPATEN BOGOR,Td3,0.87,PERSEN,2023
652,32,JAWA BARAT,3201,KABUPATEN BOGOR,Td4,0.52,PERSEN,2023
653,32,JAWA BARAT,3201,KABUPATEN BOGOR,Td5,0.35,PERSEN,2023
654,32,JAWA BARAT,3201,KABUPATEN BOGOR,Td2+,0.0,PERSEN,2023
655,32,JAWA BARAT,3202,KABUPATEN SUKABUMI,Td1,5.28,PERSEN,2023
656,32,JAWA BARAT,3202,KABUPATEN SUKABUMI,Td2,4.39,PERSEN,2023
657,32,JAWA BARAT,3202,KABUPATEN SUKABUMI,Td3,2.09,PERSEN,2023
658,32,JAWA BARAT,3202,KABUPATEN SUKABUMI,Td4,1.43,PERSEN,2023
659,32,JAWA BARAT,3202,KABUPATEN SUKABUMI,Td5,1.49,PERSEN,2023
660,32,JAWA BARAT,3202,KABUPATEN SUKABUMI,Td2+,0.0,PERSEN,2023
661,32,JAWA BARAT,3203,KABUPATEN CIANJUR,Td1,8.59,PERSEN,2023
662,32,JAWA BARAT,3203,KABUPATEN CIANJUR,Td2,8.07,PERSEN,2023
663,32,JAWA BARAT,3203,KABUPATEN CIANJUR,Td3,2.69,PERSEN,2023
664,32,JAWA BARAT,3203,KABUPATEN CIANJUR,Td4,1.57,PERSEN,2023
665,32,JAWA BARAT,3203,KABUPATEN CIANJUR,Td5,1.25,PERSEN,2023
666,32,JAWA BARAT,3203,KABUPATEN CIANJUR,Td2+,0.0,PERSEN,2023
667,32,JAWA BARAT,3204,KABUPATEN BANDUNG,Td1,3.43,PERSEN,2023
668,32,JAWA BARAT,3204,KABUPATEN BANDUNG,Td2,3.03,PERSEN,2023
669,32,JAWA BARAT,3204,KABUPATEN BANDUNG,Td3,2.42,PERSEN,2023
670,32,JAWA BARAT,3204,KABUPATEN BANDUNG,Td4,2.07,PERSEN,2023
671,32,JAWA BARAT,3204,KABUPATEN BANDUNG,Td5,1.86,PERSEN,2023
672,32,JAWA BARAT,3204,KABUPATEN BANDUNG,Td2+,0.0,PERSEN,2023
673,32,JAWA BARAT,3205,KABUPATEN GARUT,Td1,49.81,PERSEN,2023
674,32,JAWA BARAT,3205,KABUPATEN GARUT,Td2,44.42,PERSEN,2023
675,32,JAWA BARAT,3205,KABUPATEN GARUT,Td3,21.59,PERSEN,2023
676,32,JAWA BARAT,3205,KABUPATEN GARUT,Td4,12.98,PERSEN,2023
677,32,JAWA BARAT,3205,KABUPATEN GARUT,Td5,10.32,PERSEN,2023
678,32,JAWA BARAT,3205,KABUPATEN GARUT,Td2+,0.0,PERSEN,2023
679,32,JAWA BARAT,3206,KABUPATEN TASIKMALAYA,Td1,16.47,PERSEN,2023
680,32,JAWA BARAT,3206,KABUPATEN TASIKMALAYA,Td2,14.82,PERSEN,2023
681,32,JAWA BARAT,3206,KABUPATEN TASIKMALAYA,Td3,13.9,PERSEN,2023
682,32,JAWA BARAT,3206,KABUPATEN TASIKMALAYA,Td4,39.38,PERSEN,2023
683,32,JAWA BARAT,3206,KABUPATEN TASIKMALAYA,Td5,34.03,PERSEN,2023
684,32,JAWA BARAT,3206,KABUPATEN TASIKMALAYA,Td2+,0.0,PERSEN,2023
685,32,JAWA BARAT,3207,KABUPATEN CIAMIS,Td1,3.98,PERSEN,2023
686,32,JAWA BARAT,3207,KABUPATEN CIAMIS,Td2,3.47,PERSEN,2023
687,32,JAWA BARAT,3207,KABUPATEN CIAMIS,Td3,3.2,PERSEN,2023
688,32,JAWA BARAT,3207,KABUPATEN CIAMIS,Td4,1.87,PERSEN,2023
689,32,JAWA BARAT,3207,KABUPATEN CIAMIS,Td5,1.53,PERSEN,2023
690,32,JAWA BARAT,3207,KABUPATEN CIAMIS,Td2+,0.0,PERSEN,2023
691,32,JAWA BARAT,3208,KABUPATEN KUNINGAN,Td1,4.87,PERSEN,2023
692,32,JAWA BARAT,3208,KABUPATEN KUNINGAN,Td2,3.18,PERSEN,2023
693,32,JAWA BARAT,3208,KABUPATEN KUNINGAN,Td3,2.89,PERSEN,2023
694,32,JAWA BARAT,3208,KABUPATEN KUNINGAN,Td4,1.57,PERSEN,2023
695,32,JAWA BARAT,3208,KABUPATEN KUNINGAN,Td5,0.86,PERSEN,2023
696,32,JAWA BARAT,3208,KABUPATEN KUNINGAN,Td2+,0.0,PERSEN,2023
697,32,JAWA BARAT,3209,KABUPATEN CIREBON,Td1,5.85,PERSEN,2023
698,32,JAWA BARAT,3209,KABUPATEN CIREBON,Td2,5.53,PERSEN,2023
699,32,JAWA BARAT,3209,KABUPATEN CIREBON,Td3,2.35,PERSEN,2023
700,32,JAWA BARAT,3209,KABUPATEN CIREBON,Td4,1.13,PERSEN,2023
701,32,JAWA BARAT,3209,KABUPATEN CIREBON,Td5,0.65,PERSEN,2023
702,32,JAWA BARAT,3209,KABUPATEN CIREBON,Td2+,0.0,PERSEN,2023
703,32,JAWA BARAT,3210,KABUPATEN MAJALENGKA,Td1,4.84,PERSEN,2023
704,32,JAWA BARAT,3210,KABUPATEN MAJALENGKA,Td2,3.73,PERSEN,2023
705,32,JAWA BARAT,3210,KABUPATEN MAJALENGKA,Td3,2.9,PERSEN,2023
706,32,JAWA BARAT,3210,KABUPATEN MAJALENGKA,Td4,1.2,PERSEN,2023
707,32,JAWA BARAT,3210,KABUPATEN MAJALENGKA,Td5,0.54,PERSEN,2023
708,32,JAWA BARAT,3210,KABUPATEN MAJALENGKA,Td2+,0.0,PERSEN,2023
709,32,JAWA BARAT,3211,KABUPATEN SUMEDANG,Td1,7.91,PERSEN,2023
710,32,JAWA BARAT,3211,KABUPATEN SUMEDANG,Td2,6.33,PERSEN,2023
711,32,JAWA BARAT,3211,KABUPATEN SUMEDANG,Td3,1.14,PERSEN,2023
712,32,JAWA BARAT,3211,KABUPATEN SUMEDANG,Td4,0.45,PERSEN,2023
713,32,JAWA BARAT,3211,KABUPATEN SUMEDANG,Td5,0.36,PERSEN,2023
714,32,JAWA BARAT,3211,KABUPATEN SUMEDANG,Td2+,0.0,PERSEN,2023
715,32,JAWA BARAT,3212,KABUPATEN INDRAMAYU,Td1,7.89,PERSEN,2023
716,32,JAWA BARAT,3212,KABUPATEN INDRAMAYU,Td2,6.78,PERSEN,2023
717,32,JAWA BARAT,3212,KABUPATEN INDRAMAYU,Td3,1.56,PERSEN,2023
718,32,JAWA BARAT,3212,KABUPATEN INDRAMAYU,Td4,0.81,PERSEN,2023
719,32,JAWA BARAT,3212,KABUPATEN INDRAMAYU,Td5,0.75,PERSEN,2023
720,32,JAWA BARAT,3212,KABUPATEN INDRAMAYU,Td2+,0.0,PERSEN,2023
721,32,JAWA BARAT,3213,KABUPATEN SUBANG,Td1,3.78,PERSEN,2023
722,32,JAWA BARAT,3213,KABUPATEN SUBANG,Td2,3.45,PERSEN,2023
723,32,JAWA BARAT,3213,KABUPATEN SUBANG,Td3,1.74,PERSEN,2023
724,32,JAWA BARAT,3213,KABUPATEN SUBANG,Td4,1.04,PERSEN,2023
725,32,JAWA BARAT,3213,KABUPATEN SUBANG,Td5,0.67,PERSEN,2023
726,32,JAWA BARAT,3213,KABUPATEN SUBANG,Td2+,0.0,PERSEN,2023
727,32,JAWA BARAT,3214,KABUPATEN PURWAKARTA,Td1,5.06,PERSEN,2023
728,32,JAWA BARAT,3214,KABUPATEN PURWAKARTA,Td2,4.07,PERSEN,2023
729,32,JAWA BARAT,3214,KABUPATEN PURWAKARTA,Td3,2.49,PERSEN,2023
730,32,JAWA BARAT,3214,KABUPATEN PURWAKARTA,Td4,1.29,PERSEN,2023
731,32,JAWA BARAT,3214,KABUPATEN PURWAKARTA,Td5,0.7,PERSEN,2023
732,32,JAWA BARAT,3214,KABUPATEN PURWAKARTA,Td2+,0.0,PERSEN,2023
733,32,JAWA BARAT,3215,KABUPATEN KARAWANG,Td1,4.07,PERSEN,2023
734,32,JAWA BARAT,3215,KABUPATEN KARAWANG,Td2,3.29,PERSEN,2023
735,32,JAWA BARAT,3215,KABUPATEN KARAWANG,Td3,2.24,PERSEN,2023
736,32,JAWA BARAT,3215,KABUPATEN KARAWANG,Td4,1.43,PERSEN,2023
737,32,JAWA BARAT,3215,KABUPATEN KARAWANG,Td5,0.97,PERSEN,2023
738,32,JAWA BARAT,3215,KABUPATEN KARAWANG,Td2+,0.0,PERSEN,2023
739,32,JAWA BARAT,3216,KABUPATEN BEKASI,Td1,6.69,PERSEN,2023
740,32,JAWA BARAT,3216,KABUPATEN BEKASI,Td2,6.25,PERSEN,2023
741,32,JAWA BARAT,3216,KABUPATEN BEKASI,Td3,1.98,PERSEN,2023
742,32,JAWA BARAT,3216,KABUPATEN BEKASI,Td4,1.41,PERSEN,2023
743,32,JAWA BARAT,3216,KABUPATEN BEKASI,Td5,1.22,PERSEN,2023
744,32,JAWA BARAT,3216,KABUPATEN BEKASI,Td2+,0.0,PERSEN,2023
745,32,JAWA BARAT,3217,KABUPATEN BANDUNG BARAT,Td1,4.36,PERSEN,2023
746,32,JAWA BARAT,3217,KABUPATEN BANDUNG BARAT,Td2,3.54,PERSEN,2023
747,32,JAWA BARAT,3217,KABUPATEN BANDUNG BARAT,Td3,2.68,PERSEN,2023
748,32,JAWA BARAT,3217,KABUPATEN BANDUNG BARAT,Td4,1.78,PERSEN,2023
749,32,JAWA BARAT,3217,KABUPATEN BANDUNG BARAT,Td5,1.45,PERSEN,2023
750,32,JAWA BARAT,3217,KABUPATEN BANDUNG BARAT,Td2+,0.0,PERSEN,2023
751,32,JAWA BARAT,3218,KABUPATEN PANGANDARAN,Td1,4.42,PERSEN,2023
752,32,JAWA BARAT,3218,KABUPATEN PANGANDARAN,Td2,3.77,PERSEN,2023
753,32,JAWA BARAT,3218,KABUPATEN PANGANDARAN,Td3,2.63,PERSEN,2023
754,32,JAWA BARAT,3218,KABUPATEN PANGANDARAN,Td4,1.08,PERSEN,2023
755,32,JAWA BARAT,3218,KABUPATEN PANGANDARAN,Td5,0.86,PERSEN,2023
756,32,JAWA BARAT,3218,KABUPATEN PANGANDARAN,Td2+,0.0,PERSEN,2023
757,32,JAWA BARAT,3271,KOTA BOGOR,Td1,4.22,PERSEN,2023
758,32,JAWA BARAT,3271,KOTA BOGOR,Td2,3.32,PERSEN,2023
759,32,JAWA BARAT,3271,KOTA BOGOR,Td3,1.6,PERSEN,2023
760,32,JAWA BARAT,3271,KOTA BOGOR,Td4,1.2,PERSEN,2023
761,32,JAWA BARAT,3271,KOTA BOGOR,Td5,1.15,PERSEN,2023
762,32,JAWA BARAT,3271,KOTA BOGOR,Td2+,0.0,PERSEN,2023
763,32,JAWA BARAT,3272,KOTA SUKABUMI,Td1,6.09,PERSEN,2023
764,32,JAWA BARAT,3272,KOTA SUKABUMI,Td2,4.49,PERSEN,2023
765,32,JAWA BARAT,3272,KOTA SUKABUMI,Td3,1.98,PERSEN,2023
766,32,JAWA BARAT,3272,KOTA SUKABUMI,Td4,1.34,PERSEN,2023
767,32,JAWA BARAT,3272,KOTA SUKABUMI,Td5,0.63,PERSEN,2023
768,32,JAWA BARAT,3272,KOTA SUKABUMI,Td2+,0.0,PERSEN,2023
769,32,JAWA BARAT,3273,KOTA BANDUNG,Td1,3.64,PERSEN,2023
770,32,JAWA BARAT,3273,KOTA BANDUNG,Td2,3.13,PERSEN,2023
771,32,JAWA BARAT,3273,KOTA BANDUNG,Td3,1.13,PERSEN,2023
772,32,JAWA BARAT,3273,KOTA BANDUNG,Td4,0.64,PERSEN,2023
773,32,JAWA BARAT,3273,KOTA BANDUNG,Td5,0.42,PERSEN,2023
774,32,JAWA BARAT,3273,KOTA BANDUNG,Td2+,0.0,PERSEN,2023
775,32,JAWA BARAT,3274,KOTA CIREBON,Td1,2.56,PERSEN,2023
776,32,JAWA BARAT,3274,KOTA CIREBON,Td2,1.86,PERSEN,2023
777,32,JAWA BARAT,3274,KOTA CIREBON,Td3,1.9,PERSEN,2023
778,32,JAWA BARAT,3274,KOTA CIREBON,Td4,1.0,PERSEN,2023
779,32,JAWA BARAT,3274,KOTA CIREBON,Td5,0.07,PERSEN,2023
780,32,JAWA BARAT,3274,KOTA CIREBON,Td2+,0.0,PERSEN,2023
781,32,JAWA BARAT,3275,KOTA BEKASI,Td1,3.15,PERSEN,2023
782,32,JAWA BARAT,3275,KOTA BEKASI,Td2,2.37,PERSEN,2023
783,32,JAWA BARAT,3275,KOTA BEKASI,Td3,1.39,PERSEN,2023
784,32,JAWA BARAT,3275,KOTA BEKASI,Td4,0.97,PERSEN,2023
785,32,JAWA BARAT,3275,KOTA BEKASI,Td5,0.82,PERSEN,2023
786,32,JAWA BARAT,3275,KOTA BEKASI,Td2+,0.0,PERSEN,2023
787,32,JAWA BARAT,3276,KOTA DEPOK,Td1,7.5,PERSEN,2023
788,32,JAWA BARAT,3276,KOTA DEPOK,Td2,5.54,PERSEN,2023
789,32,JAWA BARAT,3276,KOTA DEPOK,Td3,6.58,PERSEN,2023
790,32,JAWA BARAT,3276,KOTA DEPOK,Td4,5.73,PERSEN,2023
791,32,JAWA BARAT,3276,KOTA DEPOK,Td5,4.96,PERSEN,2023
792,32,JAWA BARAT,3276,KOTA DEPOK,Td2+,0.0,PERSEN,2023
793,32,JAWA BARAT,3277,KOTA CIMAHI,Td1,2.16,PERSEN,2023
794,32,JAWA BARAT,3277,KOTA CIMAHI,Td2,2.11,PERSEN,2023
795,32,JAWA BARAT,3277,KOTA CIMAHI,Td3,1.12,PERSEN,2023
796,32,JAWA BARAT,3277,KOTA CIMAHI,Td4,0.46,PERSEN,2023
797,32,JAWA BARAT,3277,KOTA CIMAHI,Td5,0.31,PERSEN,2023
798,32,JAWA BARAT,3277,KOTA CIMAHI,Td2+,0.0,PERSEN,2023
799,32,JAWA BARAT,3278,KOTA TASIKMALAYA,Td1,5.9,PERSEN,2023
800,32,JAWA BARAT,3278,KOTA TASIKMALAYA,Td2,4.38,PERSEN,2023
801,32,JAWA BARAT,3278,KOTA TASIKMALAYA,Td3,2.37,PERSEN,2023
802,32,JAWA BARAT,3278,KOTA TASIKMALAYA,Td4,1.51,PERSEN,2023
803,32,JAWA BARAT,3278,KOTA TASIKMALAYA,Td5,0.89,PERSEN,2023
804,32,JAWA BARAT,3278,KOTA TASIKMALAYA,Td2+,0.0,PERSEN,2023
805,32,JAWA BARAT,3279,KOTA BANJAR,Td1,7.44,PERSEN,2023
806,32,JAWA BARAT,3279,KOTA BANJAR,Td2,6.03,PERSEN,2023
807,32,JAWA BARAT,3279,KOTA BANJAR,Td3,2.35,PERSEN,2023
808,32,JAWA BARAT,3279,KOTA BANJAR,Td4,1.13,PERSEN,2023
809,32,JAWA BARAT,3279,KOTA BANJAR,Td5,0.73,PERSEN,2023
810,32,JAWA BARAT,3279,KOTA BANJAR,Td2+,0.0,PERSEN,2023
